,index,Website,食譜名稱,圖片連結,點擊次數,烹飪時間,按讚數,食材種類,烹飪步驟,url,營養資訊
0,0,愛料理,南瓜鹹蛋,https://tokyo-kitchen.icook.network/uploads/recipe/cover/427166/7af6adbd8c757e37.jpg,"1,212",0,3,3,1,https://icook.tw/recipes/427166,None
1,1,愛料理,南瓜西米糕,https://tokyo-kitchen.icook.network/uploads/recipe/cover/425903/b5caa7d91d68079f.jpg,"1,252",60,4,3,7,https://icook.tw/recipes/425903,None
2,2,愛料理,南瓜蒸蛋,https://tokyo-kitchen.icook.network/uploads/recipe/cover/425474/1e08d7526772821a.jpg,"8,572",30,47,3,10,https://icook.tw/recipes/425474,None
3,3,愛料理,南瓜煎餅,https://tokyo-kitchen.icook.network/uploads/recipe/cover/428672/818e399faaa796bb.jpg,"1,915",15,13,4,7,https://icook.tw/recipes/428672,None
4,4,愛料理,鱈魚南瓜湯,https://tokyo-kitchen.icook.network/uploads/recipe/cover/426567/72842d69e463cde6.jpg,801,30,9,4,4,https://icook.tw/recipes/426567,None
5,3,楊桃,南瓜煎餅,https://d3l76hx23vw40a.cloudfront.net/recipe/ck59-035b_1.jpg,,,380,6,3,https://www.ytower.com.tw/recipe/iframe-recipe.asp?seq=F04-0296,
6,94,楊桃,鹹蛋炒南瓜,https://d3l76hx23vw40a.cloudfront.net/recipe/bk186-028_1.jpg,,,13,5,4,https://www.ytower.com.tw/recipe/iframe-recipe.asp?seq=F04-0550,
7,150,楊桃,香爆南瓜,https://d3l76hx23vw40a.cloudfront.net/recipe/whk052-098_1.jpg,,,12,7,2,https://www.ytower.com.tw/recipe/iframe-recipe.asp?seq=F04-0707,
8,176,楊桃,酥炸南瓜片,https://d3l76hx23vw40a.cloudfront.net/recipe/bk122-037b_1.jpg,,,10,6,3,https://www.ytower.com.tw/recipe/iframe-recipe.asp?seq=F04-0305,
9,308,楊桃,南瓜小饅頭,https://d3l76hx23vw40a.cloudfront.net/recipe/ck76-030_1.jpg,,,21,6,7,https://www.ytower.com.tw/recipe/iframe-recipe.asp?seq=G02-1038,
10,346,楊桃,南瓜炒米粉(1),https://d3l76hx23vw40a.cloudfront.net/recipe/gy51-070_1.jpg,,,7,11,4,https://www.ytower.com.tw/recipe/iframe-recipe.asp?seq=F04-0492,
11,359,楊桃,南瓜燒肉,https://d3l76hx23vw40a.cloudfront.net/recipe/bk201-044_1.jpg,,,5,10,4,https://www.ytower.com.tw/recipe/iframe-recipe.asp?seq=A02-2483,
12,437,楊桃,南瓜圓,https://d3l76hx23vw40a.cloudfront.net/recipe/hq23-016_1.jpg,,,18,5,3,https://www.ytower.com.tw/recipe/iframe-recipe.asp?seq=F04-152,
13,648,楊桃,南瓜煎餅(1),https://d3l76hx23vw40a.cloudfront.net/recipe/ck89-028b_1.jpg,,,18,7,3,https://www.ytower.com.tw/recipe/iframe-recipe.asp?seq=F04-0368,
14,841,楊桃,南瓜糕,https://d3l76hx23vw40a.cloudfront.net/recipe/hq21-028_1.jpg,,,1,7,4,https://www.ytower.com.tw/recipe/iframe-recipe.asp?seq=F04-148,
15,857,楊桃,南瓜海鮮湯,https://d3l76hx23vw40a.cloudfront.net/recipe/bk156-046a_1.jpg,,,2,11,5,https://www.ytower.com.tw/recipe/iframe-recipe.asp?seq=F04-0442,
16,889,楊桃,南瓜餅,https://d3l76hx23vw40a.cloudfront.net/recipe/bk72-046_1.jpg,,,2,6,7,https://www.ytower.com.tw/recipe/iframe-recipe.asp?seq=F04-132,
17,904,楊桃,南瓜包,https://d3l76hx23vw40a.cloudfront.net/recipe/whk12-126_1.jpg,,,2,16,5,https://www.ytower.com.tw/recipe/iframe-recipe.asp?seq=H01-125,
18,1117,楊桃,南瓜牛肉湯,https://d3l76hx23vw40a.cloudfront.net/recipe/gy63-058_1.jpg,,,1,12,6,https://www.ytower.com.tw/recipe/iframe-recipe.asp?seq=A01-0805,
19,1175,楊桃,蘑菇炒南瓜,https://d3l76hx23vw40a.cloudfront.net/recipe/yqn49-006a_1.jpg,,,2,5,2,https://www.ytower.com.tw/recipe/iframe-recipe.asp?seq=F04-0588,
20,1326,楊桃,炸南瓜,https://d3l76hx23vw40a.cloudfront.net/recipe/bk105-036a_1.jpg,,,1,4,3,https://www.ytower.com.tw/recipe/iframe-recipe.asp?seq=F04-210,
21,1337,楊桃,南瓜湯(3),https://d3l76hx23vw40a.cloudfront.net/recipe/ck45-029_1.jpg,,,1,6,3,https://www.ytower.com.tw/recipe/iframe-recipe.asp?seq=F04-201,
22,1439,楊桃,南瓜濃湯(3),https://d3l76hx23vw40a.cloudfront.net/recipe/gy61-076a_1.jpg,,,2,5,3,https://www.ytower.com.tw/recipe/iframe-recipe.asp?seq=F04-0521,
23,1478,楊桃,南瓜煎餅(2),https://d3l76hx23vw40a.cloudfront.net/recipe/bk176-042a_1.jpg,,,3,6,3,https://www.ytower.com.tw/recipe/iframe-recipe.asp?seq=F05-0416,
24,1526,楊桃,南瓜水餃皮,https://d3l76hx23vw40a.cloudfront.net/recipe/yq19-009_1.jpg,,,7,3,3,https://www.ytower.com.tw/recipe/iframe-recipe.asp?seq=G02-0763,
25,1787,楊桃,鮭魚南瓜稀飯,https://d3l76hx23vw40a.cloudfront.net/recipe/whk21-093b_1.jpg,,,0,9,3,https://www.ytower.com.tw/recipe/iframe-recipe.asp?seq=F04-065,
26,1891,楊桃,洋蔥南瓜排骨湯,https://d3l76hx23vw40a.cloudfront.net/recipe/whk106-097b_1.jpg,,,38,7,4,https://www.ytower.com.tw/recipe/iframe-recipe.asp?seq=A02-3658,
27,1905,楊桃,金黃元寶,https://d3l76hx23vw40a.cloudfront.net/recipe/yq19-008_1.jpg,,,10,10,6,https://www.ytower.com.tw/recipe/iframe-recipe.asp?seq=A03-0652,
28,1920,楊桃,南瓜湯(1),https://d3l76hx23vw40a.cloudfront.net/recipe/bk53-039_1.jpg,,,1,7,2,https://www.ytower.com.tw/recipe/iframe-recipe.asp?seq=F04-099,
29,2080,楊桃,南瓜醬,https://d3l76hx23vw40a.cloudfront.net/recipe/sauce-103a_1.jpg,,,1,8,3,https://www.ytower.com.tw/recipe/iframe-recipe.asp?seq=I03-082,
30,2126,楊桃,南瓜蓮子飯,https://d3l76hx23vw40a.cloudfront.net/recipe/bk124-043_1.jpg,,,3,4,2,https://www.ytower.com.tw/recipe/iframe-recipe.asp?seq=F04-0306,
31,2173,楊桃,薑汁蒸南瓜,https://d3l76hx23vw40a.cloudfront.net/recipe/aa003-015b_1.jpg,,,2,6,3,https://www.ytower.com.tw/recipe/iframe-recipe.asp?seq=F04-0668,
32,2231,楊桃,金瓜炒米粉,https://d3l76hx23vw40a.cloudfront.net/recipe/gy34-045a_1.jpg,,,1,9,3,https://www.ytower.com.tw/recipe/iframe-recipe.asp?seq=G01-0861,
33,2259,楊桃,綜合野菜煎餅,https://d3l76hx23vw40a.cloudfront.net/recipe/bk176-017_1.jpg,,,0,15,4,https://www.ytower.com.tw/recipe/iframe-recipe.asp?seq=F01-1056,
34,2465,楊桃,金黃南瓜湯,https://d3l76hx23vw40a.cloudfront.net/recipe/ck52-030_1.jpg,,,0,3,3,https://www.ytower.com.tw/recipe/iframe-recipe.asp?seq=F04-0289,
35,2480,楊桃,薑汁燉南瓜,https://d3l76hx23vw40a.cloudfront.net/recipe/bk122-037a_1.jpg,,,1,6,2,https://www.ytower.com.tw/recipe/iframe-recipe.asp?seq=F04-0303,
36,2630,楊桃,鹹蛋炒南瓜(1),https://d3l76hx23vw40a.cloudfront.net/recipe/whk089-015_1.jpg,,,2,4,5,https://www.ytower.com.tw/recipe/iframe-recipe.asp?seq=F04-0847,
37,2699,楊桃,南瓜燉牛肉,https://d3l76hx23vw40a.cloudfront.net/recipe/ck53-025_1.jpg,,,0,7,3,https://www.ytower.com.tw/recipe/iframe-recipe.asp?seq=A01-0477,
38,2716,楊桃,香菇南瓜飯,https://d3l76hx23vw40a.cloudfront.net/recipe/whk050-094c_1.jpg,,,1,6,4,https://www.ytower.com.tw/recipe/iframe-recipe.asp?seq=F04-0692,
39,2863,楊桃,薑燒南瓜,https://d3l76hx23vw40a.cloudfront.net/recipe/gy60-065a_1.jpg,,,1,7,3,https://www.ytower.com.tw/recipe/iframe-recipe.asp?seq=F04-0515,
40,3020,楊桃,南瓜苦瓜鳳梨汁,https://d3l76hx23vw40a.cloudfront.net/recipe/bk160-034_1.jpg,,,3,5,4,https://www.ytower.com.tw/recipe/iframe-recipe.asp?seq=F04-0457,
41,3140,楊桃,百香南瓜片,https://d3l76hx23vw40a.cloudfront.net/recipe/whk062-008a_1.jpg,,,1,4,2,https://www.ytower.com.tw/recipe/iframe-recipe.asp?seq=F04-0732,
42,3148,楊桃,南瓜炒米粉(2),https://d3l76hx23vw40a.cloudfront.net/recipe/whk052-099_1.jpg,,,2,14,3,https://www.ytower.com.tw/recipe/iframe-recipe.asp?seq=F04-0708,
43,3528,楊桃,養生金瓜煲,https://d3l76hx23vw40a.cloudfront.net/recipe/yqn50-030b_1.jpg,,,0,10,3,https://www.ytower.com.tw/recipe/iframe-recipe.asp?seq=F04-0591,
44,3561,楊桃,南瓜小饅頭(1),https://d3l76hx23vw40a.cloudfront.net/recipe/whk069-013_1.jpg,,,3,6,5,https://www.ytower.com.tw/recipe/iframe-recipe.asp?seq=F04-0756,
45,3802,楊桃,鮮菇南瓜雞湯,https://d3l76hx23vw40a.cloudfront.net/recipe/whk104-052a_1.jpg,,,0,8,3,https://www.ytower.com.tw/recipe/iframe-recipe.asp?seq=A03-2331,
46,3827,楊桃,豆漿鍋(1),https://d3l76hx23vw40a.cloudfront.net/recipe/bk155-031b_1.jpg,,,0,7,3,https://www.ytower.com.tw/recipe/iframe-recipe.asp?seq=A02-1568,
47,3876,楊桃,金瓜米粉,https://d3l76hx23vw40a.cloudfront.net/recipe/whk057-085a_1.jpg,,,1,11,4,https://www.ytower.com.tw/recipe/iframe-recipe.asp?seq=F04-0727,
48,4072,楊桃,絞肉炒南瓜,https://d3l76hx23vw40a.cloudfront.net/recipe/gy60-065b_1.jpg,,,0,10,2,https://www.ytower.com.tw/recipe/iframe-recipe.asp?seq=F04-0516,
49,4073,楊桃,南瓜泡菜,https://d3l76hx23vw40a.cloudfront.net/recipe/kimchi-691_1.jpg,,,1,4,2,https://www.ytower.com.tw/recipe/iframe-recipe.asp?seq=F04-030,
50,4163,楊桃,南瓜素肉絲,https://d3l76hx23vw40a.cloudfront.net/recipe/bk216-035a_1.jpg,,,8,8,4,https://www.ytower.com.tw/recipe/iframe-recipe.asp?seq=F04-0652,
51,4269,楊桃,真味小籠包,https://d3l76hx23vw40a.cloudfront.net/recipe/ck44-033_1.jpg,,,0,11,7,https://www.ytower.com.tw/recipe/iframe-recipe.asp?seq=F01-395,
52,4318,楊桃,薏仁南瓜粥,https://d3l76hx23vw40a.cloudfront.net/recipe/bk217-036b_1.jpg,,,1,4,3,https://www.ytower.com.tw/recipe/iframe-recipe.asp?seq=F04-0653,
53,4361,楊桃,素烤南瓜,https://d3l76hx23vw40a.cloudfront.net/recipe/yqn30-030_1.jpg,,,0,6,3,https://www.ytower.com.tw/recipe/iframe-recipe.asp?seq=F04-0565,
54,4426,楊桃,南瓜飯(1),https://d3l76hx23vw40a.cloudfront.net/recipe/bk86-027_1.jpg,,,0,5,4,https://www.ytower.com.tw/recipe/iframe-recipe.asp?seq=F04-157,
55,4440,楊桃,什錦野菜煎餅,https://d3l76hx23vw40a.cloudfront.net/recipe/ck89-030_1.jpg,,,0,11,5,https://www.ytower.com.tw/recipe/iframe-recipe.asp?seq=F02-0435,
56,4506,楊桃,南瓜排骨湯,https://d3l76hx23vw40a.cloudfront.net/recipe/whk069-099b_1.jpg,,,0,8,5,https://www.ytower.com.tw/recipe/iframe-recipe.asp?seq=A02-2972,
57,4802,楊桃,蒙古養生紅白鍋,https://d3l76hx23vw40a.cloudfront.net/recipe/bk155-012_1.jpg,,,7,15,4,https://www.ytower.com.tw/recipe/iframe-recipe.asp?seq=A04-0105,
58,4803,楊桃,南瓜咖哩豬肉,https://d3l76hx23vw40a.cloudfront.net/recipe/bk205-025a_1.jpg,,,0,8,4,https://www.ytower.com.tw/recipe/iframe-recipe.asp?seq=A02-2439,
59,4991,楊桃,蒙古風味鍋,https://d3l76hx23vw40a.cloudfront.net/recipe/gy12-048_1.jpg,,,0,13,2,https://www.ytower.com.tw/recipe/iframe-recipe.asp?seq=A04-0101,
60,5147,楊桃,金瓜粉蒸肉片,https://d3l76hx23vw40a.cloudfront.net/recipe/bk184-016a_1.jpg,,,0,12,4,https://www.ytower.com.tw/recipe/iframe-recipe.asp?seq=F04-0548,
61,5181,楊桃,南瓜炒米粉,https://d3l76hx23vw40a.cloudfront.net/recipe/hq24-020_1.jpg,,,0,10,5,https://www.ytower.com.tw/recipe/iframe-recipe.asp?seq=F04-153,
62,5347,楊桃,紅棗燉南瓜,https://d3l76hx23vw40a.cloudfront.net/recipe/gy37-078_1.jpg,,,0,4,2,https://www.ytower.com.tw/recipe/iframe-recipe.asp?seq=F04-0447,
63,5361,楊桃,黃金餃子,https://d3l76hx23vw40a.cloudfront.net/recipe/yqn23-059_1.jpg,,,11,11,5,https://www.ytower.com.tw/recipe/iframe-recipe.asp?seq=A02-1382,
64,5518,楊桃,豆漿南瓜雞肉煲,https://d3l76hx23vw40a.cloudfront.net/recipe/bk191-030_1.jpg,,,1,8,4,https://www.ytower.com.tw/recipe/iframe-recipe.asp?seq=A03-1461,
65,5604,楊桃,白玉南瓜鑲福袋  ,https://d3l76hx23vw40a.cloudfront.net/recipe/yqn70-044_1.jpg,,,0,19,7,https://www.ytower.com.tw/recipe/iframe-recipe.asp?seq=F04-0616,
66,5666,楊桃,佃煮南瓜,https://d3l76hx23vw40a.cloudfront.net/recipe/yqn089-042_1.jpg,,,0,4,3,https://www.ytower.com.tw/recipe/iframe-recipe.asp?seq=F04-0666,
67,5745,楊桃,南瓜山藥蒸飯,https://d3l76hx23vw40a.cloudfront.net/recipe/whk40-057c_1.jpg,,,0,5,2,https://www.ytower.com.tw/recipe/iframe-recipe.asp?seq=F04-167,
68,5761,楊桃,黃金炒飯(1),https://d3l76hx23vw40a.cloudfront.net/recipe/yqn081-010_1.jpg,,,0,7,4,https://www.ytower.com.tw/recipe/iframe-recipe.asp?seq=C01-0744,
69,5785,楊桃,南瓜拌高麗菜,https://d3l76hx23vw40a.cloudfront.net/recipe/gy61-070b_1.jpg,,,0,6,3,https://www.ytower.com.tw/recipe/iframe-recipe.asp?seq=F04-0518,
70,5947,楊桃,粉蒸排骨(1),https://d3l76hx23vw40a.cloudfront.net/recipe/hq11-015d_1.jpg,,,0,11,5,https://www.ytower.com.tw/recipe/iframe-recipe.asp?seq=A02-484,
71,5953,楊桃,金瓜滷肉飯,https://d3l76hx23vw40a.cloudfront.net/recipe/yqn093-031a_1.jpg,,,0,8,4,https://www.ytower.com.tw/recipe/iframe-recipe.asp?seq=A02-2614,
72,6221,楊桃,咖哩雞肉包,https://d3l76hx23vw40a.cloudfront.net/recipe/ck90-029_1.jpg,,,0,14,5,https://www.ytower.com.tw/recipe/iframe-recipe.asp?seq=A03-0976,
73,6249,楊桃,素食什錦蔬菜鍋,https://d3l76hx23vw40a.cloudfront.net/recipe/gy50-034_1.jpg,,,0,12,3,https://www.ytower.com.tw/recipe/iframe-recipe.asp?seq=F04-0491,
74,6411,楊桃,南瓜煎餅(3),https://d3l76hx23vw40a.cloudfront.net/recipe/whk084-098b_1.jpg,,,0,8,4,https://www.ytower.com.tw/recipe/iframe-recipe.asp?seq=F04-0864,
75,6414,楊桃,薑絲枸杞金瓜,https://d3l76hx23vw40a.cloudfront.net/recipe/gy53-026a_1.jpg,,,0,6,3,https://www.ytower.com.tw/recipe/iframe-recipe.asp?seq=F04-0499,
76,6434,楊桃,金沙土司片,https://d3l76hx23vw40a.cloudfront.net/recipe/yqn54-040_1.jpg,,,0,6,4,https://www.ytower.com.tw/recipe/iframe-recipe.asp?seq=F04-0592,
77,6655,楊桃,南瓜素米粉,https://d3l76hx23vw40a.cloudfront.net/recipe/whk049-024b_1.jpg,,,0,6,3,https://www.ytower.com.tw/recipe/iframe-recipe.asp?seq=F04-0685,
78,6734,楊桃,南瓜餡餅,https://d3l76hx23vw40a.cloudfront.net/recipe/ck51-029_1.jpg,,,0,15,5,https://www.ytower.com.tw/recipe/iframe-recipe.asp?seq=F04-0288,
79,6989,楊桃,烤蛋(1),https://d3l76hx23vw40a.cloudfront.net/recipe/bk203-040a_1.jpg,,,0,8,3,https://www.ytower.com.tw/recipe/iframe-recipe.asp?seq=C01-0686,
80,7064,楊桃,抗凍冷水麵,https://d3l76hx23vw40a.cloudfront.net/recipe/ck44-008b_1.jpg,,,0,4,9,https://www.ytower.com.tw/recipe/iframe-recipe.asp?seq=G02-655,
81,7123,楊桃,南瓜炒百合,https://d3l76hx23vw40a.cloudfront.net/recipe/gy63-053_1.jpg,,,0,8,4,https://www.ytower.com.tw/recipe/iframe-recipe.asp?seq=F04-0523,
82,7278,楊桃,南瓜粽子,https://d3l76hx23vw40a.cloudfront.net/recipe/whk072-115a_1.jpg,,,2,19,7,https://www.ytower.com.tw/recipe/iframe-recipe.asp?seq=A03-1974,
83,7294,楊桃,海貝南瓜米粉,https://d3l76hx23vw40a.cloudfront.net/recipe/whk21-094a_1.jpg,,,0,5,3,https://www.ytower.com.tw/recipe/iframe-recipe.asp?seq=F04-066,
84,7440,楊桃,南瓜湯餃,https://d3l76hx23vw40a.cloudfront.net/recipe/bk157-028c_1.jpg,,,0,9,4,https://www.ytower.com.tw/recipe/iframe-recipe.asp?seq=F04-0434,
85,7530,楊桃,椰香南瓜,https://d3l76hx23vw40a.cloudfront.net/recipe/yqn31-045_1.jpg,,,0,4,2,https://www.ytower.com.tw/recipe/iframe-recipe.asp?seq=F04-0562,
86,7637,楊桃,甜芝麻包,https://d3l76hx23vw40a.cloudfront.net/recipe/ck90-016_1.jpg,,,0,3,3,https://www.ytower.com.tw/recipe/iframe-recipe.asp?seq=F05-0291,
87,7777,楊桃,南瓜火腿飯,https://d3l76hx23vw40a.cloudfront.net/recipe/gy35-027_1.jpg,,,0,7,3,https://www.ytower.com.tw/recipe/iframe-recipe.asp?seq=F04-0440,
88,7799,楊桃,粉蒸排骨(2),https://d3l76hx23vw40a.cloudfront.net/recipe/bk96-041_1.jpg,,,0,9,3,https://www.ytower.com.tw/recipe/iframe-recipe.asp?seq=A02-670,
89,7800,楊桃,南瓜蔬菜鍋,https://d3l76hx23vw40a.cloudfront.net/recipe/gy50-027_1.jpg,,,0,9,4,https://www.ytower.com.tw/recipe/iframe-recipe.asp?seq=F04-0488,
90,7804,楊桃,魚片翡翠煲,https://d3l76hx23vw40a.cloudfront.net/recipe/yqn50-043a_1.jpg,,,0,14,4,https://www.ytower.com.tw/recipe/iframe-recipe.asp?seq=B01-1295,
91,7870,楊桃,什錦菇菜飯,https://d3l76hx23vw40a.cloudfront.net/recipe/yqn47-011_1.jpg,,,0,8,3,https://www.ytower.com.tw/recipe/iframe-recipe.asp?seq=F06-0329,
92,8183,楊桃,南瓜蔥燉牛肋,https://d3l76hx23vw40a.cloudfront.net/recipe/yqn67-029_1.jpg,,,0,9,4,https://www.ytower.com.tw/recipe/iframe-recipe.asp?seq=A01-0891,
93,8186,楊桃,豆花泡菜鍋,https://d3l76hx23vw40a.cloudfront.net/recipe/ck66-034_1.jpg,,,0,12,3,https://www.ytower.com.tw/recipe/iframe-recipe.asp?seq=F02-0342,
94,8257,楊桃,什錦蔬菜鍋,https://d3l76hx23vw40a.cloudfront.net/recipe/ck66-035b_1.jpg,,,0,14,2,https://www.ytower.com.tw/recipe/iframe-recipe.asp?seq=F01-0617,
95,8263,楊桃,金瓜飯,https://d3l76hx23vw40a.cloudfront.net/recipe/bk60-021_1.jpg,,,0,6,2,https://www.ytower.com.tw/recipe/iframe-recipe.asp?seq=G01-477,
96,8411,楊桃,咖哩炒飯(3),https://d3l76hx23vw40a.cloudfront.net/recipe/bk183-010_1.jpg,,,0,13,4,https://www.ytower.com.tw/recipe/iframe-recipe.asp?seq=F01-1076,
97,8438,楊桃,南瓜雞肉蔬菜飯,https://d3l76hx23vw40a.cloudfront.net/recipe/yqn49-013_1.jpg,,,0,5,2,https://www.ytower.com.tw/recipe/iframe-recipe.asp?seq=A03-1513,
98,8490,楊桃,紅豆南瓜湯,https://d3l76hx23vw40a.cloudfront.net/recipe/bk217-023b_1.jpg,,,0,10,6,https://www.ytower.com.tw/recipe/iframe-recipe.asp?seq=F04-0651,
99,8689,楊桃,雜糧南瓜沙拉球,https://d3l76hx23vw40a.cloudfront.net/recipe/bk168-033a_1.jpg,,,1,7,4,https://www.ytower.com.tw/recipe/iframe-recipe.asp?seq=F04-0476,
100,9051,楊桃,培根煎南瓜,https://d3l76hx23vw40a.cloudfront.net/recipe/whk21-095a_1.jpg,,,0,3,3,https://www.ytower.com.tw/recipe/iframe-recipe.asp?seq=F04-068,
101,9093,楊桃,南瓜咖哩醬(1),https://d3l76hx23vw40a.cloudfront.net/recipe/yqn094-013_1.jpg,,,0,13,4,https://www.ytower.com.tw/recipe/iframe-recipe.asp?seq=F04-0661,
102,9131,楊桃,味噌滷芋頭南瓜,https://d3l76hx23vw40a.cloudfront.net/recipe/whk093-018a_1.jpg,,,1,9,3,https://www.ytower.com.tw/recipe/iframe-recipe.asp?seq=F01-1582,
103,9355,楊桃,黃金南瓜鍋,https://d3l76hx23vw40a.cloudfront.net/recipe/yqn092-034b_1.jpg,,,0,13,4,https://www.ytower.com.tw/recipe/iframe-recipe.asp?seq=F04-0662,
104,9416,楊桃,南瓜飯,https://d3l76hx23vw40a.cloudfront.net/recipe/whk14-137a_1.jpg,,,0,6,3,https://www.ytower.com.tw/recipe/iframe-recipe.asp?seq=G01-180,
105,9455,楊桃,燜南瓜飯,https://d3l76hx23vw40a.cloudfront.net/recipe/whk21-131_1.jpg,,,0,6,3,https://www.ytower.com.tw/recipe/iframe-recipe.asp?seq=G01-243,
106,9673,楊桃,麻辣火鍋(2),https://d3l76hx23vw40a.cloudfront.net/recipe/yqn16-018_1.jpg,,,0,18,5,https://www.ytower.com.tw/recipe/iframe-recipe.asp?seq=A02-1289,
107,9697,楊桃,南瓜魚餅 ,https://d3l76hx23vw40a.cloudfront.net/recipe/bk140-044_1.jpg,,,0,7,4,https://www.ytower.com.tw/recipe/iframe-recipe.asp?seq=F04-0356,
108,9811,楊桃,粉蒸排骨(3),https://d3l76hx23vw40a.cloudfront.net/recipe/yqn13-013_1.jpg,,,1,14,3,https://www.ytower.com.tw/recipe/iframe-recipe.asp?seq=A02-1216,
109,9828,楊桃,鹹蛋黃南瓜,https://d3l76hx23vw40a.cloudfront.net/recipe/gy18-084b_1.jpg,,,0,7,2,https://www.ytower.com.tw/recipe/iframe-recipe.asp?seq=F04-0392,
110,9953,楊桃,粉蒸南瓜,https://d3l76hx23vw40a.cloudfront.net/recipe/whk091-049_1.jpg,,,0,9,3,https://www.ytower.com.tw/recipe/iframe-recipe.asp?seq=F04-0880,
111,10166,楊桃,鮮美南瓜燒豆腐,https://d3l76hx23vw40a.cloudfront.net/recipe/whk089-029a_1.jpg,,,0,8,3,https://www.ytower.com.tw/recipe/iframe-recipe.asp?seq=D01-0549,
112,10218,楊桃,蔥爆牛肉煲,https://d3l76hx23vw40a.cloudfront.net/recipe/yqn50-024a_1.jpg,,,0,14,4,https://www.ytower.com.tw/recipe/iframe-recipe.asp?seq=A01-0868,
113,10258,楊桃,翡翠堅果菜飯,https://d3l76hx23vw40a.cloudfront.net/recipe/yqn49-023_1.jpg,,,1,5,3,https://www.ytower.com.tw/recipe/iframe-recipe.asp?seq=F05-0473,
114,10287,楊桃,南瓜雞肉盅,https://d3l76hx23vw40a.cloudfront.net/recipe/whk35-101a_1.jpg,,,0,8,3,https://www.ytower.com.tw/recipe/iframe-recipe.asp?seq=A03-328,
115,10292,楊桃,金瓜焉篤煲,https://d3l76hx23vw40a.cloudfront.net/recipe/yqn53-023a_1.jpg,,,0,8,5,https://www.ytower.com.tw/recipe/iframe-recipe.asp?seq=F04-0594,
116,10353,楊桃,繽紛養生壽司,https://d3l76hx23vw40a.cloudfront.net/recipe/gy42-071a_1.jpg,,,0,9,3,https://www.ytower.com.tw/recipe/iframe-recipe.asp?seq=G01-0883,
117,10411,楊桃,蝦仁雜菜煲,https://d3l76hx23vw40a.cloudfront.net/recipe/yqn50-033_1.jpg,,,0,11,3,https://www.ytower.com.tw/recipe/iframe-recipe.asp?seq=F01-1148,
118,10491,楊桃,胚芽南瓜糕,https://d3l76hx23vw40a.cloudfront.net/recipe/dry-058_1.jpg,,,0,7,2,https://www.ytower.com.tw/recipe/iframe-recipe.asp?seq=H01-201,
119,10519,楊桃,金沙南瓜(1),https://d3l76hx23vw40a.cloudfront.net/recipe/whk122-047b_1.jpg,,,1,8,4,https://www.ytower.com.tw/recipe/iframe-recipe.asp?seq=F04-1072,
120,10632,楊桃,香草南瓜仙人掌,https://d3l76hx23vw40a.cloudfront.net/recipe/whk049-071a_1.jpg,,,1,7,5,https://www.ytower.com.tw/recipe/iframe-recipe.asp?seq=F04-0688,
121,10773,楊桃,黃金甜油飯,https://d3l76hx23vw40a.cloudfront.net/recipe/hq06-014a_1.jpg,,,0,5,6,https://www.ytower.com.tw/recipe/iframe-recipe.asp?seq=G01-554,
122,10805,楊桃,水果沙拉包,https://d3l76hx23vw40a.cloudfront.net/recipe/ck90-032_1.jpg,,,0,11,4,https://www.ytower.com.tw/recipe/iframe-recipe.asp?seq=F07-0436,
123,10869,楊桃,南瓜燒肉(1),https://d3l76hx23vw40a.cloudfront.net/recipe/whk077-087a_1.jpg,,,0,7,4,https://www.ytower.com.tw/recipe/iframe-recipe.asp?seq=A02-3275,
124,10946,楊桃,金湯燒豆腐,https://d3l76hx23vw40a.cloudfront.net/recipe/whk087-062a_1.jpg,,,0,7,3,https://www.ytower.com.tw/recipe/iframe-recipe.asp?seq=F04-0829,
125,11066,楊桃,南瓜薏仁紅豆湯,https://d3l76hx23vw40a.cloudfront.net/recipe/whk072-040b_1.jpg,,,0,7,4,https://www.ytower.com.tw/recipe/iframe-recipe.asp?seq=F04-0780,
126,11103,楊桃,椰汁南瓜什錦煲,https://d3l76hx23vw40a.cloudfront.net/recipe/whk080-093b_1.jpg,,,0,11,4,https://www.ytower.com.tw/recipe/iframe-recipe.asp?seq=F04-0812,
127,11141,楊桃,薑燜南瓜,https://d3l76hx23vw40a.cloudfront.net/recipe/bk126-041_1.jpg,,,0,6,4,https://www.ytower.com.tw/recipe/iframe-recipe.asp?seq=F04-0320,
128,11179,楊桃,南瓜麵糰,https://d3l76hx23vw40a.cloudfront.net/recipe/00_1.jpg,,,0,6,1,https://www.ytower.com.tw/recipe/iframe-recipe.asp?seq=G02-1097,
129,11562,楊桃,南瓜燉嫩雞,https://d3l76hx23vw40a.cloudfront.net/recipe/whk070-082a_1.jpg,,,0,6,3,https://www.ytower.com.tw/recipe/iframe-recipe.asp?seq=A03-1910,
130,11618,楊桃,牛奶南瓜燒排骨,https://d3l76hx23vw40a.cloudfront.net/recipe/yqn15-036_1.jpg,,,0,8,4,https://www.ytower.com.tw/recipe/iframe-recipe.asp?seq=A02-1264,
131,11621,楊桃,南瓜海鮮鍋,https://d3l76hx23vw40a.cloudfront.net/recipe/whk093-101_1.jpg,,,0,7,4,https://www.ytower.com.tw/recipe/iframe-recipe.asp?seq=B03-1068,
132,11627,楊桃,嫩烤南瓜,https://d3l76hx23vw40a.cloudfront.net/recipe/yqn17-027_1.jpg,,,0,9,4,https://www.ytower.com.tw/recipe/iframe-recipe.asp?seq=F04-0361,
133,11930,楊桃,韓式泡菜包,https://d3l76hx23vw40a.cloudfront.net/recipe/ck90-023_1.jpg,,,0,4,4,https://www.ytower.com.tw/recipe/iframe-recipe.asp?seq=F02-0446,
134,12093,楊桃,燒肉燉南瓜,https://d3l76hx23vw40a.cloudfront.net/recipe/whk104-005c_1.jpg,,,0,5,3,https://www.ytower.com.tw/recipe/iframe-recipe.asp?seq=A02-3405,
135,12153,楊桃,八寶南瓜盅,https://d3l76hx23vw40a.cloudfront.net/recipe/whk100-096_1.jpg,,,0,17,5,https://www.ytower.com.tw/recipe/iframe-recipe.asp?seq=A03-2250,
136,12338,楊桃,南瓜雞茸包,https://d3l76hx23vw40a.cloudfront.net/recipe/ck47-030_1.jpg,,,0,12,9,https://www.ytower.com.tw/recipe/iframe-recipe.asp?seq=A03-0667,
137,12547,楊桃,蔬菜煎餅(9),https://d3l76hx23vw40a.cloudfront.net/recipe/whk104-049b_1.jpg,,,0,14,4,https://www.ytower.com.tw/recipe/iframe-recipe.asp?seq=G02-1462,
138,12705,楊桃,金瓜舞菇蒸嫩雞,https://d3l76hx23vw40a.cloudfront.net/recipe/whk086-084a_1.jpg,,,0,10,3,https://www.ytower.com.tw/recipe/iframe-recipe.asp?seq=A03-2033,
139,12746,楊桃,養生飯糰,https://d3l76hx23vw40a.cloudfront.net/recipe/whk086-065a_1.jpg,,,0,6,3,https://www.ytower.com.tw/recipe/iframe-recipe.asp?seq=F05-0668,
140,12838,楊桃,黃金蔬果湯,https://d3l76hx23vw40a.cloudfront.net/recipe/whk40-026a_1.jpg,,,0,12,3,https://www.ytower.com.tw/recipe/iframe-recipe.asp?seq=F04-166,
141,12894,楊桃,琉璃南瓜,https://d3l76hx23vw40a.cloudfront.net/recipe/whk097-018_1.jpg,,,0,10,5,https://www.ytower.com.tw/recipe/iframe-recipe.asp?seq=F04-0949,
142,13007,楊桃,炸素捲、百頁,https://d3l76hx23vw40a.cloudfront.net/recipe/sauce-103b_1.jpg,,,0,13,4,https://www.ytower.com.tw/recipe/iframe-recipe.asp?seq=E01-016,
143,13019,楊桃,什錦海鮮包,https://d3l76hx23vw40a.cloudfront.net/recipe/ck90-030_1.jpg,,,0,13,4,https://www.ytower.com.tw/recipe/iframe-recipe.asp?seq=B04-0265,
144,13027,楊桃,南瓜焗干貝,https://d3l76hx23vw40a.cloudfront.net/recipe/re02-045_1.jpg,,,0,8,5,https://www.ytower.com.tw/recipe/iframe-recipe.asp?seq=B02-0149,
145,13031,楊桃,南瓜濃湯(6),https://d3l76hx23vw40a.cloudfront.net/recipe/whk103-054a_1.jpg,,,0,9,4,https://www.ytower.com.tw/recipe/iframe-recipe.asp?seq=F04-0962,
146,13059,楊桃,鮮奶南瓜湯,https://d3l76hx23vw40a.cloudfront.net/recipe/whk081-062b_1.jpg,,,0,4,3,https://www.ytower.com.tw/recipe/iframe-recipe.asp?seq=F04-0822,
147,13090,楊桃,鰻魚南瓜飯,https://d3l76hx23vw40a.cloudfront.net/recipe/whk21-094b_1.jpg,,,0,8,4,https://www.ytower.com.tw/recipe/iframe-recipe.asp?seq=F04-067,
148,13349,楊桃,健康八寶糕,https://d3l76hx23vw40a.cloudfront.net/recipe/pm-re087_1.jpg,,,0,9,1,https://www.ytower.com.tw/recipe/iframe-recipe.asp?seq=F05-006,
149,13413,楊桃,蠔油炒臘腸,https://d3l76hx23vw40a.cloudfront.net/recipe/dry-031_1.jpg,,,0,5,3,https://www.ytower.com.tw/recipe/iframe-recipe.asp?seq=A02-133,
150,13549,楊桃,片炒時蔬,https://d3l76hx23vw40a.cloudfront.net/recipe/whk088-057a_1.jpg,,,0,11,4,https://www.ytower.com.tw/recipe/iframe-recipe.asp?seq=F01-1629,
151,13644,楊桃,南瓜湯餃(1),https://d3l76hx23vw40a.cloudfront.net/recipe/whk067-016a_1.jpg,,,0,5,2,https://www.ytower.com.tw/recipe/iframe-recipe.asp?seq=F04-0751,
152,13741,楊桃,芝麻南瓜泥,https://d3l76hx23vw40a.cloudfront.net/recipe/00_1.jpg,,,0,6,4,https://www.ytower.com.tw/recipe/iframe-recipe.asp?seq=F04-0262,
153,13900,楊桃,南瓜鍋(1),https://d3l76hx23vw40a.cloudfront.net/recipe/whk087-010a_1.jpg,,,0,5,3,https://www.ytower.com.tw/recipe/iframe-recipe.asp?seq=F04-0824,
154,13993,楊桃,腐竹南瓜燉雞片,https://d3l76hx23vw40a.cloudfront.net/recipe/whk094-074b_1.jpg,,,0,7,3,https://www.ytower.com.tw/recipe/iframe-recipe.asp?seq=A03-2118,
155,14037,楊桃,地瓜球(4),https://d3l76hx23vw40a.cloudfront.net/recipe/whk080-058b_1.jpg,,,0,4,3,https://www.ytower.com.tw/recipe/iframe-recipe.asp?seq=F01-1540,
156,14055,楊桃,薑汁桂圓南瓜甜湯,https://d3l76hx23vw40a.cloudfront.net/recipe/whk099-105_1.jpg,,,0,6,3,https://www.ytower.com.tw/recipe/iframe-recipe.asp?seq=F04-0918,
157,14141,楊桃,咖哩雞肉餡,https://d3l76hx23vw40a.cloudfront.net/recipe/hq13-020_1.jpg,,,0,9,4,https://www.ytower.com.tw/recipe/iframe-recipe.asp?seq=A03-435,
158,14392,楊桃,素醬南瓜煮,https://d3l76hx23vw40a.cloudfront.net/recipe/can-re27_1.jpg,,,0,5,2,https://www.ytower.com.tw/recipe/iframe-recipe.asp?seq=E01-018,
159,14404,楊桃,金銀蛋蒸南瓜,https://d3l76hx23vw40a.cloudfront.net/recipe/whk102-110a_1.jpg,,,0,9,3,https://www.ytower.com.tw/recipe/iframe-recipe.asp?seq=F04-0942,
160,14416,楊桃,黃金寶山藥,https://d3l76hx23vw40a.cloudfront.net/recipe/whk26-043a_1.jpg,,,0,14,3,https://www.ytower.com.tw/recipe/iframe-recipe.asp?seq=F04-093,
161,14447,楊桃,南瓜燉鳳翅,https://d3l76hx23vw40a.cloudfront.net/recipe/gy70-063b_1.jpg,,,0,9,4,https://www.ytower.com.tw/recipe/iframe-recipe.asp?seq=A03-1353,
162,14541,楊桃,香茅南瓜,https://d3l76hx23vw40a.cloudfront.net/recipe/whk079-035_1.jpg,,,0,7,3,https://www.ytower.com.tw/recipe/iframe-recipe.asp?seq=F04-0804,
163,14551,楊桃,金沙南瓜,https://d3l76hx23vw40a.cloudfront.net/recipe/00_1.jpg,,,0,6,3,https://www.ytower.com.tw/recipe/iframe-recipe.asp?seq=F04-0830,
164,14636,楊桃,南瓜醬(1),https://d3l76hx23vw40a.cloudfront.net/recipe/00_1.jpg,,,0,7,2,https://www.ytower.com.tw/recipe/iframe-recipe.asp?seq=F04-0261,
165,14806,楊桃,時蔬素鮮鍋,https://d3l76hx23vw40a.cloudfront.net/recipe/whk070-022b_1.jpg,,,0,16,3,https://www.ytower.com.tw/recipe/iframe-recipe.asp?seq=F02-0851,
166,14942,楊桃,瓜丁湯,https://d3l76hx23vw40a.cloudfront.net/recipe/whk092-089b_1.jpg,,,0,11,3,https://www.ytower.com.tw/recipe/iframe-recipe.asp?seq=F04-0819,
167,14996,楊桃,瓜泥蒸蛋,https://d3l76hx23vw40a.cloudfront.net/recipe/whk083-097_1.jpg,,,0,8,5,https://www.ytower.com.tw/recipe/iframe-recipe.asp?seq=F04-0848,
168,15011,楊桃,牛奶南瓜魚,https://d3l76hx23vw40a.cloudfront.net/recipe/yqn14-013a_1.jpg,,,0,11,3,https://www.ytower.com.tw/recipe/iframe-recipe.asp?seq=B01-0855,
169,15097,楊桃,桂花南瓜,https://d3l76hx23vw40a.cloudfront.net/recipe/whk085-108a_1.jpg,,,0,6,4,https://www.ytower.com.tw/recipe/iframe-recipe.asp?seq=F04-0874,
170,15105,楊桃,奶油南瓜蒸雞,https://d3l76hx23vw40a.cloudfront.net/recipe/whk102-091a_1.jpg,,,0,10,3,https://www.ytower.com.tw/recipe/iframe-recipe.asp?seq=A03-2294,
171,15124,楊桃,南瓜海鮮豆腐,https://d3l76hx23vw40a.cloudfront.net/recipe/whk095-099a_1.jpg,,,0,12,8,https://www.ytower.com.tw/recipe/iframe-recipe.asp?seq=F04-0931,
172,15214,楊桃,鮮奶燉南瓜,https://d3l76hx23vw40a.cloudfront.net/recipe/whk099-013b_1.jpg,,,0,11,3,https://www.ytower.com.tw/recipe/iframe-recipe.asp?seq=F04-0913,
173,15334,楊桃,紅棗燉南瓜(1),https://d3l76hx23vw40a.cloudfront.net/recipe/whk070-053a_1.jpg,,,0,4,3,https://www.ytower.com.tw/recipe/iframe-recipe.asp?seq=F04-0759,
174,15348,楊桃,起司南瓜餃,https://d3l76hx23vw40a.cloudfront.net/recipe/whk104-021a_1.jpg,,,0,8,5,https://www.ytower.com.tw/recipe/iframe-recipe.asp?seq=F04-0909,
175,15356,楊桃,南瓜炒米粉(3),https://d3l76hx23vw40a.cloudfront.net/recipe/whk077-053a_1.jpg,,,0,9,4,https://www.ytower.com.tw/recipe/iframe-recipe.asp?seq=F04-0842,
176,15375,楊桃,南瓜煮(1),https://d3l76hx23vw40a.cloudfront.net/recipe/00_1.jpg,,,0,7,3,https://www.ytower.com.tw/recipe/iframe-recipe.asp?seq=F04-0609,
177,15396,楊桃,南瓜辣醬雞,https://d3l76hx23vw40a.cloudfront.net/recipe/whk093-107_1.jpg,,,0,8,3,https://www.ytower.com.tw/recipe/iframe-recipe.asp?seq=A03-2084,
178,15450,楊桃,棗泥小南瓜,https://d3l76hx23vw40a.cloudfront.net/recipe/00_1.jpg,,,0,7,3,https://www.ytower.com.tw/recipe/iframe-recipe.asp?seq=H01-088,
179,15521,楊桃,奶油蒸南瓜,https://d3l76hx23vw40a.cloudfront.net/recipe/bk161-036_1.jpg,,,0,4,2,https://www.ytower.com.tw/recipe/iframe-recipe.asp?seq=F04-0464,
180,15538,楊桃,酥炸蔬菜,https://d3l76hx23vw40a.cloudfront.net/recipe/bk161-038_1.jpg,,,0,9,3,https://www.ytower.com.tw/recipe/iframe-recipe.asp?seq=F01-0934,
181,15548,楊桃,焗烤南瓜,https://d3l76hx23vw40a.cloudfront.net/recipe/gy09-042_1.jpg,,,0,6,3,https://www.ytower.com.tw/recipe/iframe-recipe.asp?seq=F04-0398,
182,15552,楊桃,南瓜烘蛋,https://d3l76hx23vw40a.cloudfront.net/recipe/bk212-041b_1.jpg,,,0,8,5,https://www.ytower.com.tw/recipe/iframe-recipe.asp?seq=F04-0647,
183,15559,楊桃,泡菜雞肉鍋,https://d3l76hx23vw40a.cloudfront.net/recipe/ck66-031_1.jpg,,,0,16,5,https://www.ytower.com.tw/recipe/iframe-recipe.asp?seq=A03-0791,
184,15595,楊桃,薑燜南瓜(1),https://d3l76hx23vw40a.cloudfront.net/recipe/yqn62-045_1.jpg,,,0,7,3,https://www.ytower.com.tw/recipe/iframe-recipe.asp?seq=F04-0607,
185,15658,楊桃,炸菜天婦羅,https://d3l76hx23vw40a.cloudfront.net/recipe/bk161-039_1.jpg,,,0,14,4,https://www.ytower.com.tw/recipe/iframe-recipe.asp?seq=F01-0935,
186,15662,楊桃,日式咖哩蔬菜,https://d3l76hx23vw40a.cloudfront.net/recipe/bk205-026a_1.jpg,,,0,10,4,https://www.ytower.com.tw/recipe/iframe-recipe.asp?seq=F01-1247,
187,15683,楊桃,奶油焗烤南瓜,https://d3l76hx23vw40a.cloudfront.net/recipe/yqn42-023_1.jpg,,,0,3,2,https://www.ytower.com.tw/recipe/iframe-recipe.asp?seq=F04-0580,
188,15722,楊桃,義大利煎蛋餅,https://d3l76hx23vw40a.cloudfront.net/recipe/bk212-043a_1.jpg,,,0,13,4,https://www.ytower.com.tw/recipe/iframe-recipe.asp?seq=C01-0737,
189,15794,楊桃,海鮮牛奶南瓜鍋,https://d3l76hx23vw40a.cloudfront.net/recipe/gy50-063_1.jpg,,,0,10,4,https://www.ytower.com.tw/recipe/iframe-recipe.asp?seq=B02-0313,
190,15924,楊桃,日式南瓜煮,https://d3l76hx23vw40a.cloudfront.net/recipe/whk096-011a_1.jpg,,,7,8,3,https://www.ytower.com.tw/recipe/iframe-recipe.asp?seq=F04-0863,
191,15928,楊桃,奶油南瓜焗烤雞腿,https://d3l76hx23vw40a.cloudfront.net/recipe/yqn42-036b_1.jpg,,,0,8,2,https://www.ytower.com.tw/recipe/iframe-recipe.asp?seq=A03-1501,
192,15971,楊桃,焗烤可樂餅,https://d3l76hx23vw40a.cloudfront.net/recipe/ck88-035_1.jpg,,,18,5,3,https://www.ytower.com.tw/recipe/iframe-recipe.asp?seq=F04-0366,
193,16005,楊桃,韓式蔬菜豆腐鍋,https://d3l76hx23vw40a.cloudfront.net/recipe/ck66-022_1.jpg,,,0,9,3,https://www.ytower.com.tw/recipe/iframe-recipe.asp?seq=D01-0168,
194,16028,楊桃,和風蔬菜咖哩鍋,https://d3l76hx23vw40a.cloudfront.net/recipe/bk155-027a_1.jpg,,,6,17,7,https://www.ytower.com.tw/recipe/iframe-recipe.asp?seq=F04-0433,
195,16038,楊桃,炒野菜什錦,https://d3l76hx23vw40a.cloudfront.net/recipe/gy09-048a_1.jpg,,,0,6,3,https://www.ytower.com.tw/recipe/iframe-recipe.asp?seq=F01-0812,
196,16051,楊桃,和風咖哩醬,https://d3l76hx23vw40a.cloudfront.net/recipe/yqn094-012_1.jpg,,,0,21,3,https://www.ytower.com.tw/recipe/iframe-recipe.asp?seq=F01-1299,
197,16079,楊桃,什錦蔬菜煎餅(1),https://d3l76hx23vw40a.cloudfront.net/recipe/ck59-017_1.jpg,,,0,13,4,https://www.ytower.com.tw/recipe/iframe-recipe.asp?seq=F01-0607,
198,16084,楊桃,什錦冬粉鍋,https://d3l76hx23vw40a.cloudfront.net/recipe/ck66-033a_1.jpg,,,0,21,4,https://www.ytower.com.tw/recipe/iframe-recipe.asp?seq=A02-1108,
199,16137,楊桃,什錦烘蛋,https://d3l76hx23vw40a.cloudfront.net/recipe/yqn47-023_1.jpg,,,0,7,2,https://www.ytower.com.tw/recipe/iframe-recipe.asp?seq=C01-0575,
200,16148,楊桃,南洋椰奶鍋,https://d3l76hx23vw40a.cloudfront.net/recipe/yqn092-040a_1.jpg,,,0,18,2,https://www.ytower.com.tw/recipe/iframe-recipe.asp?seq=B01-1476,
201,16152,楊桃,輕煮南瓜,https://d3l76hx23vw40a.cloudfront.net/recipe/whk056-020b_1.jpg,,,0,7,4,https://www.ytower.com.tw/recipe/iframe-recipe.asp?seq=F04-0722,
202,16159,楊桃,鳳梨蘋果水果鍋,https://d3l76hx23vw40a.cloudfront.net/recipe/bk155-027b_1.jpg,,,0,10,3,https://www.ytower.com.tw/recipe/iframe-recipe.asp?seq=F07-0521,
203,16215,楊桃,什錦燉蔬菜,https://d3l76hx23vw40a.cloudfront.net/recipe/bk161-019_1.jpg,,,0,12,2,https://www.ytower.com.tw/recipe/iframe-recipe.asp?seq=F01-0914,
204,16243,楊桃,南瓜豬肉咖哩,https://d3l76hx23vw40a.cloudfront.net/recipe/bk50-028a_1.jpg,,,0,14,5,https://www.ytower.com.tw/recipe/iframe-recipe.asp?seq=A02-253,
205,16299,楊桃,奶油燉菜,https://d3l76hx23vw40a.cloudfront.net/recipe/yqn47-016b_1.jpg,,,0,9,2,https://www.ytower.com.tw/recipe/iframe-recipe.asp?seq=F01-1143,
206,16509,楊桃,時蔬天婦羅,https://d3l76hx23vw40a.cloudfront.net/recipe/whk23-130_1.jpg,,,0,13,7,https://www.ytower.com.tw/recipe/iframe-recipe.asp?seq=F01-119,
207,16519,楊桃,南瓜咖哩燉雞,https://d3l76hx23vw40a.cloudfront.net/recipe/whk092-016a_1.jpg,,,0,12,4,https://www.ytower.com.tw/recipe/iframe-recipe.asp?seq=A03-2041,
208,16582,楊桃,天婦羅(2),https://d3l76hx23vw40a.cloudfront.net/recipe/whk093-085_1.jpg,,,0,15,5,https://www.ytower.com.tw/recipe/iframe-recipe.asp?seq=B03-1066,
209,16760,楊桃,咖哩椰香葡國雞,https://d3l76hx23vw40a.cloudfront.net/recipe/bk59-041_1.jpg,,,0,20,9,https://www.ytower.com.tw/recipe/iframe-recipe.asp?seq=A03-249,
210,16836,楊桃,乳酪烤南瓜碎肉,https://d3l76hx23vw40a.cloudfront.net/recipe/whk21-093a_1.jpg,,,0,8,4,https://www.ytower.com.tw/recipe/iframe-recipe.asp?seq=F04-064,
211,16962,楊桃,南瓜蝦煲,https://d3l76hx23vw40a.cloudfront.net/recipe/whk15-132_1.jpg,,,0,10,2,https://www.ytower.com.tw/recipe/iframe-recipe.asp?seq=B03-055,
212,17005,楊桃,紫蘇南瓜沙拉,https://d3l76hx23vw40a.cloudfront.net/recipe/bk44-015_1.jpg,,,0,12,3,https://www.ytower.com.tw/recipe/iframe-recipe.asp?seq=F04-091,
213,17085,楊桃,泰式酸辣牛肉丁,https://d3l76hx23vw40a.cloudfront.net/recipe/whk085-090_1.jpg,,,0,15,4,https://www.ytower.com.tw/recipe/iframe-recipe.asp?seq=A01-1176,
214,17100,楊桃,南瓜起司鍋,https://d3l76hx23vw40a.cloudfront.net/recipe/whk080-098_1.jpg,,,0,6,3,https://www.ytower.com.tw/recipe/iframe-recipe.asp?seq=F04-0813,
215,17112,楊桃,什錦炸餅,https://d3l76hx23vw40a.cloudfront.net/recipe/whk093-086_1.jpg,,,0,15,3,https://www.ytower.com.tw/recipe/iframe-recipe.asp?seq=F01-1600,
216,17150,楊桃,乳香燉南瓜,https://d3l76hx23vw40a.cloudfront.net/recipe/gy70-063a_1.jpg,,,0,9,4,https://www.ytower.com.tw/recipe/iframe-recipe.asp?seq=F04-0542,
217,17183,楊桃,海鮮豆腐煲(1),https://d3l76hx23vw40a.cloudfront.net/recipe/whk105-021b_1.jpg,,,0,6,4,https://www.ytower.com.tw/recipe/iframe-recipe.asp?seq=D01-0577,
218,17186,楊桃,匈牙利燉南瓜,https://d3l76hx23vw40a.cloudfront.net/recipe/whk064-023a_1.jpg,,,0,5,2,https://www.ytower.com.tw/recipe/iframe-recipe.asp?seq=F04-0745,
219,17201,楊桃,鱈場蟹佐日式雙瓜,https://d3l76hx23vw40a.cloudfront.net/recipe/whk39-024c_1.jpg,,,0,13,4,https://www.ytower.com.tw/recipe/iframe-recipe.asp?seq=B03-204,
220,17246,楊桃,焗烤海皇,https://d3l76hx23vw40a.cloudfront.net/recipe/bk38-037_1.jpg,,,0,7,2,https://www.ytower.com.tw/recipe/iframe-recipe.asp?seq=B03-085,
221,17472,楊桃,素瓜子肉醬雙色,https://d3l76hx23vw40a.cloudfront.net/recipe/whk076-081a_1.jpg,,,0,6,4,https://www.ytower.com.tw/recipe/iframe-recipe.asp?seq=F04-0794,
222,17483,楊桃,高鐵砂鍋,https://d3l76hx23vw40a.cloudfront.net/recipe/00_1.jpg,,,0,17,5,https://www.ytower.com.tw/recipe/iframe-recipe.asp?seq=A01-213,
223,17503,楊桃,麻辣干貝燻雞,https://d3l76hx23vw40a.cloudfront.net/recipe/dry-015_1.jpg,,,0,7,3,https://www.ytower.com.tw/recipe/iframe-recipe.asp?seq=B02-026,
224,17570,楊桃,南瓜美味煮,https://d3l76hx23vw40a.cloudfront.net/recipe/m629_1.jpg,,,0,5,3,https://www.ytower.com.tw/recipe/iframe-recipe.asp?seq=F04-0626,
225,17757,楊桃,蜜糖核桃土司,https://d3l76hx23vw40a.cloudfront.net/recipe/whk098-116c_1.jpg,,,0,4,2,https://www.ytower.com.tw/recipe/iframe-recipe.asp?seq=F05-0720,
226,17761,楊桃,南瓜玉米冰淇淋,https://d3l76hx23vw40a.cloudfront.net/recipe/whk103-078c_1.jpg,,,0,7,5,https://www.ytower.com.tw/recipe/iframe-recipe.asp?seq=F04-1031,
227,17794,楊桃,南瓜可樂餅,https://d3l76hx23vw40a.cloudfront.net/recipe/ck88-023_1.jpg,,,9,11,5,https://www.ytower.com.tw/recipe/iframe-recipe.asp?seq=F04-0365,
228,17805,楊桃,南瓜粥,https://d3l76hx23vw40a.cloudfront.net/recipe/bk68-028b_1.jpg,,,0,3,2,https://www.ytower.com.tw/recipe/iframe-recipe.asp?seq=F04-128,
229,17882,楊桃,南瓜水果沙拉,https://d3l76hx23vw40a.cloudfront.net/recipe/bk106a-036b_1.jpg,,,0,5,4,https://www.ytower.com.tw/recipe/iframe-recipe.asp?seq=F07-235,
230,17976,楊桃,起司烤南瓜,https://d3l76hx23vw40a.cloudfront.net/recipe/whk110-061a_1.jpg,,,3,5,3,https://www.ytower.com.tw/recipe/iframe-recipe.asp?seq=F04-0971,
231,18147,楊桃,帆立貝味噌美乃滋燒,https://d3l76hx23vw40a.cloudfront.net/recipe/whk23-124_1.jpg,,,1,7,3,https://www.ytower.com.tw/recipe/iframe-recipe.asp?seq=B02-036,
232,18161,楊桃,南瓜煮,https://d3l76hx23vw40a.cloudfront.net/recipe/bk78a-040a_1.jpg,,,0,7,2,https://www.ytower.com.tw/recipe/iframe-recipe.asp?seq=F04-145,
233,18173,楊桃,味噌南瓜滷麵筋,https://d3l76hx23vw40a.cloudfront.net/recipe/bk67-044b_1.jpg,,,0,5,2,https://www.ytower.com.tw/recipe/iframe-recipe.asp?seq=F04-126,
234,18201,楊桃,開胃南瓜煮,https://d3l76hx23vw40a.cloudfront.net/recipe/whk31-064_1.jpg,,,0,6,3,https://www.ytower.com.tw/recipe/iframe-recipe.asp?seq=F04-121,
235,18211,楊桃,金色海鮮沙拉,https://d3l76hx23vw40a.cloudfront.net/recipe/bk106a-036a_1.jpg,,,0,6,5,https://www.ytower.com.tw/recipe/iframe-recipe.asp?seq=B02-129,
236,18353,楊桃,南瓜鮮蝦沙拉,https://d3l76hx23vw40a.cloudfront.net/recipe/whk21-092a_1.jpg,,,0,5,3,https://www.ytower.com.tw/recipe/iframe-recipe.asp?seq=F04-062,
237,18426,楊桃,玫瑰鮪魚沙拉百匯,https://d3l76hx23vw40a.cloudfront.net/recipe/whk29-009b_1.jpg,,,0,10,4,https://www.ytower.com.tw/recipe/iframe-recipe.asp?seq=B01-260,
238,18491,楊桃,乳香淋南瓜,https://d3l76hx23vw40a.cloudfront.net/recipe/bk189-017a_1.jpg,,,0,2,2,https://www.ytower.com.tw/recipe/iframe-recipe.asp?seq=F04-0569,
239,18560,楊桃,胡麻海鮮沙拉,https://d3l76hx23vw40a.cloudfront.net/recipe/whk107-027a_1.jpg,,,0,17,3,https://www.ytower.com.tw/recipe/iframe-recipe.asp?seq=B03-1236,
240,18592,楊桃,素顏南瓜,https://d3l76hx23vw40a.cloudfront.net/recipe/gg26-018_1.jpg,,,0,5,3,https://www.ytower.com.tw/recipe/iframe-recipe.asp?seq=F04-0377,
241,18598,楊桃,奶茶焗海鮮,https://d3l76hx23vw40a.cloudfront.net/recipe/whk38-093b_1.jpg,,,0,14,7,https://www.ytower.com.tw/recipe/iframe-recipe.asp?seq=B03-201,
242,18606,楊桃,食彩蛋燒,https://d3l76hx23vw40a.cloudfront.net/recipe/whk115-009a_1.jpg,,,0,9,3,https://www.ytower.com.tw/recipe/iframe-recipe.asp?seq=C01-1051,
243,18623,楊桃,焗烤南瓜沙拉,https://d3l76hx23vw40a.cloudfront.net/recipe/whk110-008a_1.jpg,,,1,12,3,https://www.ytower.com.tw/recipe/iframe-recipe.asp?seq=F04-0967,
244,18657,楊桃,香拌南瓜絲,https://d3l76hx23vw40a.cloudfront.net/recipe/00_1.jpg,,,0,5,2,https://www.ytower.com.tw/recipe/iframe-recipe.asp?seq=F04-0252,
245,18692,楊桃,南瓜果蔬輕沙拉,https://d3l76hx23vw40a.cloudfront.net/recipe/whk29-027b_1.jpg,,,0,6,4,https://www.ytower.com.tw/recipe/iframe-recipe.asp?seq=F01-188,
246,18734,楊桃,有機蔬菜沙拉,https://d3l76hx23vw40a.cloudfront.net/recipe/00_1.jpg,,,0,9,1,https://www.ytower.com.tw/recipe/iframe-recipe.asp?seq=F02-052,
247,18754,楊桃,南瓜優格沙拉,https://d3l76hx23vw40a.cloudfront.net/recipe/whk095-024b_1.jpg,,,0,8,3,https://www.ytower.com.tw/recipe/iframe-recipe.asp?seq=F04-0929,
248,18940,楊桃,橄欖油優格醬南瓜,https://d3l76hx23vw40a.cloudfront.net/recipe/whk098-038d_1.jpg,,,0,2,2,https://www.ytower.com.tw/recipe/iframe-recipe.asp?seq=F04-0902,
249,19054,楊桃,優格蔬果沙拉,https://d3l76hx23vw40a.cloudfront.net/recipe/whk109-103a_1.jpg,,,0,9,3,https://www.ytower.com.tw/recipe/iframe-recipe.asp?seq=F04-1057,
250,19107,楊桃,什錦鮮蔬烤馬鈴薯,https://d3l76hx23vw40a.cloudfront.net/recipe/whk110-100_1.jpg,,,0,8,3,https://www.ytower.com.tw/recipe/iframe-recipe.asp?seq=F01-1842,
251,19128,楊桃,起司焗南瓜,https://d3l76hx23vw40a.cloudfront.net/recipe/whk124-055a_1.jpg,,,0,5,3,https://www.ytower.com.tw/recipe/iframe-recipe.asp?seq=F04-1004,
252,19235,楊桃,根莖蔬菜豆漿湯,https://d3l76hx23vw40a.cloudfront.net/recipe/ck93-036_1.jpg,,,0,10,2,https://www.ytower.com.tw/recipe/iframe-recipe.asp?seq=F01-0794,
253,19382,楊桃,田園蔬菜焗水管麵,https://d3l76hx23vw40a.cloudfront.net/recipe/00_1.jpg,,,0,11,3,https://www.ytower.com.tw/recipe/iframe-recipe.asp?seq=F01-1055,
254,19391,楊桃,田園蔬菜濃湯,https://d3l76hx23vw40a.cloudfront.net/recipe/whk094-105_1.jpg,,,0,13,4,https://www.ytower.com.tw/recipe/iframe-recipe.asp?seq=F01-1889,
255,19401,楊桃,什錦野菜餅,https://d3l76hx23vw40a.cloudfront.net/recipe/whk107-015a_1.jpg,,,0,8,3,https://www.ytower.com.tw/recipe/iframe-recipe.asp?seq=F01-1933,
256,19464,楊桃,五色蔬菜湯,https://d3l76hx23vw40a.cloudfront.net/recipe/whk092-095a_1.jpg,,,0,9,2,https://www.ytower.com.tw/recipe/iframe-recipe.asp?seq=F01-1711,
257,19535,楊桃,什錦田園蔬菜湯,https://d3l76hx23vw40a.cloudfront.net/recipe/whk107-016_1.jpg,,,0,16,3,https://www.ytower.com.tw/recipe/iframe-recipe.asp?seq=F01-1935,
258,19592,楊桃,醬蒸雙蔬,https://d3l76hx23vw40a.cloudfront.net/recipe/whk096-042b_1.jpg,,,0,8,4,https://www.ytower.com.tw/recipe/iframe-recipe.asp?seq=F01-1677,
259,19609,楊桃,蕃茄什錦鐘,https://d3l76hx23vw40a.cloudfront.net/recipe/whk097-020_1.jpg,,,0,11,3,https://www.ytower.com.tw/recipe/iframe-recipe.asp?seq=F01-1805,
260,19663,楊桃,菜心鍋,https://d3l76hx23vw40a.cloudfront.net/recipe/whk106-088a_1.jpg,,,0,13,5,https://www.ytower.com.tw/recipe/iframe-recipe.asp?seq=F01-1899,
261,19777,楊桃,雙瓜蕃茄汁,https://d3l76hx23vw40a.cloudfront.net/recipe/bk160-039a_1.jpg,,,1,5,4,https://www.ytower.com.tw/recipe/iframe-recipe.asp?seq=F07-0543,
262,19830,楊桃,焦糖蘋果可樂餅,https://d3l76hx23vw40a.cloudfront.net/recipe/ck88-031_1.jpg,,,0,9,5,https://www.ytower.com.tw/recipe/iframe-recipe.asp?seq=F07-0427,
263,20234,楊桃,鳳梨南瓜籽風味醬,https://d3l76hx23vw40a.cloudfront.net/recipe/whk072-076c_1.jpg,,,0,4,2,https://www.ytower.com.tw/recipe/iframe-recipe.asp?seq=F07-0907,
264,20295,楊桃,爽口春卷,https://d3l76hx23vw40a.cloudfront.net/recipe/whk101-019b_1.jpg,,,0,9,3,https://www.ytower.com.tw/recipe/iframe-recipe.asp?seq=F07-1077,
265,20342,楊桃,南瓜輕煮,https://d3l76hx23vw40a.cloudfront.net/recipe/whk115-023_1.jpg,,,0,12,4,https://www.ytower.com.tw/recipe/iframe-recipe.asp?seq=F07-1220,
266,20568,楊桃,南瓜濃湯(2),https://d3l76hx23vw40a.cloudfront.net/recipe/bk156-016_1.jpg,,,6,8,4,https://www.ytower.com.tw/recipe/iframe-recipe.asp?seq=F04-0431,
267,20584,楊桃,南瓜豆漿濃湯,https://d3l76hx23vw40a.cloudfront.net/recipe/bk131-022_1.jpg,,,6,11,5,https://www.ytower.com.tw/recipe/iframe-recipe.asp?seq=F04-0329,
268,20602,楊桃,蟹肉南瓜湯,https://d3l76hx23vw40a.cloudfront.net/recipe/yqn53-030_1.jpg,,,0,8,6,https://www.ytower.com.tw/recipe/iframe-recipe.asp?seq=F04-0595,
269,20607,楊桃,奶油南瓜濃湯,https://d3l76hx23vw40a.cloudfront.net/recipe/whk16-127_1.jpg,,,1,9,3,https://www.ytower.com.tw/recipe/iframe-recipe.asp?seq=F04-053,
270,20622,楊桃,什錦蔬菜湯,https://d3l76hx23vw40a.cloudfront.net/recipe/re01-064_1.jpg,,,0,14,3,https://www.ytower.com.tw/recipe/iframe-recipe.asp?seq=F02-0273,
271,20632,楊桃,南瓜湯(2),https://d3l76hx23vw40a.cloudfront.net/recipe/whk24-124c_1.jpg,,,0,6,3,https://www.ytower.com.tw/recipe/iframe-recipe.asp?seq=F04-085,
272,20641,楊桃,南瓜海鮮濃湯,https://d3l76hx23vw40a.cloudfront.net/recipe/whk075-099a_1.jpg,,,1,7,4,https://www.ytower.com.tw/recipe/iframe-recipe.asp?seq=F04-0784,
273,20658,楊桃,南瓜濃湯,https://d3l76hx23vw40a.cloudfront.net/recipe/yq10-009a_1.jpg,,,1,11,4,https://www.ytower.com.tw/recipe/iframe-recipe.asp?seq=F04-0237,
274,20671,楊桃,南瓜濃湯(1),https://d3l76hx23vw40a.cloudfront.net/recipe/ck93-028a_1.jpg,,,1,10,3,https://www.ytower.com.tw/recipe/iframe-recipe.asp?seq=F04-0381,
275,20694,楊桃,洋芋南瓜湯,https://d3l76hx23vw40a.cloudfront.net/recipe/yqn16-054_1.jpg,,,0,11,4,https://www.ytower.com.tw/recipe/iframe-recipe.asp?seq=F04-0349,
276,20698,楊桃,南瓜湯(4),https://d3l76hx23vw40a.cloudfront.net/recipe/whk44-022b_1.jpg,,,0,13,7,https://www.ytower.com.tw/recipe/iframe-recipe.asp?seq=F04-219,
277,20709,楊桃,牛奶南瓜湯,https://d3l76hx23vw40a.cloudfront.net/recipe/whk21-092b_1.jpg,,,0,6,4,https://www.ytower.com.tw/recipe/iframe-recipe.asp?seq=F04-063,
278,20715,楊桃,南瓜湯,https://d3l76hx23vw40a.cloudfront.net/recipe/whk23-058c_1.jpg,,,1,8,7,https://www.ytower.com.tw/recipe/iframe-recipe.asp?seq=F04-079,
279,20730,楊桃,蔻斯比南瓜蔬菜湯,https://d3l76hx23vw40a.cloudfront.net/recipe/whk33-092a_1.jpg,,,0,7,2,https://www.ytower.com.tw/recipe/iframe-recipe.asp?seq=F04-134,
280,20751,楊桃,咖哩南瓜雞肉湯,https://d3l76hx23vw40a.cloudfront.net/recipe/whk20-128_1.jpg,,,0,10,2,https://www.ytower.com.tw/recipe/iframe-recipe.asp?seq=I02-024,
281,20756,楊桃,南瓜濃湯(5),https://d3l76hx23vw40a.cloudfront.net/recipe/whk092-102_1.jpg,,,0,10,5,https://www.ytower.com.tw/recipe/iframe-recipe.asp?seq=F04-0896,
282,20791,楊桃,翡翠銀魚南瓜羹,https://d3l76hx23vw40a.cloudfront.net/recipe/bk58-035b_1.jpg,,,0,8,3,https://www.ytower.com.tw/recipe/iframe-recipe.asp?seq=F04-114,
283,20805,楊桃,南瓜鍋(2),https://d3l76hx23vw40a.cloudfront.net/recipe/whk093-038_1.jpg,,,0,4,4,https://www.ytower.com.tw/recipe/iframe-recipe.asp?seq=F04-0832,
284,20816,楊桃,南瓜濃湯雲吞,https://d3l76hx23vw40a.cloudfront.net/recipe/whk33-071c_1.jpg,,,0,6,4,https://www.ytower.com.tw/recipe/iframe-recipe.asp?seq=F04-133,
285,20857,楊桃,南瓜蘋果濃湯,https://d3l76hx23vw40a.cloudfront.net/recipe/whk090-013a_1.jpg,,,1,8,3,https://www.ytower.com.tw/recipe/iframe-recipe.asp?seq=F04-0852,
286,20860,楊桃,濃情蜜意,https://d3l76hx23vw40a.cloudfront.net/recipe/whk28-069b_1.jpg,,,0,7,2,https://www.ytower.com.tw/recipe/iframe-recipe.asp?seq=I02-083,
287,20875,楊桃,南瓜濃湯(4),https://d3l76hx23vw40a.cloudfront.net/recipe/00_1.jpg,,,0,6,4,https://www.ytower.com.tw/recipe/iframe-recipe.asp?seq=F04-0736,
288,20878,楊桃,奶油南瓜湯(1),https://d3l76hx23vw40a.cloudfront.net/recipe/00_1.jpg,,,0,9,3,https://www.ytower.com.tw/recipe/iframe-recipe.asp?seq=F04-008,
289,20883,楊桃,肉桂南瓜湯,https://d3l76hx23vw40a.cloudfront.net/recipe/00_1.jpg,,,0,7,1,https://www.ytower.com.tw/recipe/iframe-recipe.asp?seq=F04-054,
290,20924,楊桃,小魚乾大頭根,https://d3l76hx23vw40a.cloudfront.net/recipe/whk084-050a_1.jpg,,,0,6,3,https://www.ytower.com.tw/recipe/iframe-recipe.asp?seq=F04-0860,
291,20958,楊桃,南瓜湯頭,https://d3l76hx23vw40a.cloudfront.net/recipe/00_1.jpg,,,0,2,2,https://www.ytower.com.tw/recipe/iframe-recipe.asp?seq=F04-0385,
292,20969,楊桃,南瓜濃湯(8),https://d3l76hx23vw40a.cloudfront.net/recipe/whk101-085b_1.jpg,,,0,15,7,https://www.ytower.com.tw/recipe/iframe-recipe.asp?seq=F04-1009,
293,20993,楊桃,咖哩蔬菜濃湯,https://d3l76hx23vw40a.cloudfront.net/recipe/whk094-108_1.jpg,,,0,11,3,https://www.ytower.com.tw/recipe/iframe-recipe.asp?seq=F04-0991,
294,20996,楊桃,南瓜腰果濃湯,https://d3l76hx23vw40a.cloudfront.net/recipe/whk113-013_1.jpg,,,0,9,4,https://www.ytower.com.tw/recipe/iframe-recipe.asp?seq=F04-1016,
295,21025,楊桃,酥皮濃湯(4),https://d3l76hx23vw40a.cloudfront.net/recipe/whk105-021c_1.jpg,,,0,6,7,https://www.ytower.com.tw/recipe/iframe-recipe.asp?seq=B02-0486,
296,21051,楊桃,堅果濃湯,https://d3l76hx23vw40a.cloudfront.net/recipe/whk094-100a_1.jpg,,,0,14,5,https://www.ytower.com.tw/recipe/iframe-recipe.asp?seq=F05-0758,
297,21089,楊桃,紅甜椒濃湯(1),https://d3l76hx23vw40a.cloudfront.net/recipe/whk105-046a_1.jpg,,,0,11,3,https://www.ytower.com.tw/recipe/iframe-recipe.asp?seq=F04-0923,
298,21098,楊桃,紅蔾南瓜濃湯,https://d3l76hx23vw40a.cloudfront.net/recipe/whk107-085a_1.jpg,,,0,10,5,https://www.ytower.com.tw/recipe/iframe-recipe.asp?seq=F04-1015,
299,21100,楊桃,海鮮蔬菜濃湯,https://d3l76hx23vw40a.cloudfront.net/recipe/whk094-098_1.jpg,,,0,15,5,https://www.ytower.com.tw/recipe/iframe-recipe.asp?seq=B02-0516,
300,21113,楊桃,滷汁蔬菜湯,https://d3l76hx23vw40a.cloudfront.net/recipe/whk104-061_1.jpg,,,0,11,3,https://www.ytower.com.tw/recipe/iframe-recipe.asp?seq=F02-1043,
301,21115,楊桃,鮮香菇南瓜雞湯,https://d3l76hx23vw40a.cloudfront.net/recipe/whk117-058_1.jpg,,,0,8,6,https://www.ytower.com.tw/recipe/iframe-recipe.asp?seq=A03-2529,
302,21122,楊桃,春蔬濃湯,https://d3l76hx23vw40a.cloudfront.net/recipe/whk114-016b_1.jpg,,,0,9,4,https://www.ytower.com.tw/recipe/iframe-recipe.asp?seq=F02-1104,
303,21363,楊桃,義式漬菇牛肉,https://d3l76hx23vw40a.cloudfront.net/recipe/whk085-091b_1.jpg,,,0,18,4,https://www.ytower.com.tw/recipe/iframe-recipe.asp?seq=A01-1177,
304,21437,楊桃,焗烤時蔬燉飯,https://d3l76hx23vw40a.cloudfront.net/recipe/bk123-044_1.jpg,,,2,9,4,https://www.ytower.com.tw/recipe/iframe-recipe.asp?seq=F04-0312,
305,21441,楊桃,南瓜鬆餅,https://d3l76hx23vw40a.cloudfront.net/recipe/aa005-137_1.jpg,,,0,11,3,https://www.ytower.com.tw/recipe/iframe-recipe.asp?seq=F04-0675,
306,21442,楊桃,焦糖南瓜布丁,https://d3l76hx23vw40a.cloudfront.net/recipe/aa004-021_1.jpg,,,1,9,5,https://www.ytower.com.tw/recipe/iframe-recipe.asp?seq=F04-0669,
307,21443,楊桃,蔬菜咖哩飯,https://d3l76hx23vw40a.cloudfront.net/recipe/ck62-026_1.jpg,,,0,18,5,https://www.ytower.com.tw/recipe/iframe-recipe.asp?seq=F04-0295,
308,21448,楊桃,南瓜布丁(1),https://d3l76hx23vw40a.cloudfront.net/recipe/bk151-014a_1.jpg,,,1,6,3,https://www.ytower.com.tw/recipe/iframe-recipe.asp?seq=F04-0417,
309,21449,楊桃,南瓜爆漿土司,https://d3l76hx23vw40a.cloudfront.net/recipe/bk208-034b_1.jpg,,,0,4,3,https://www.ytower.com.tw/recipe/iframe-recipe.asp?seq=F04-0644,
310,21451,楊桃,南瓜海鮮燉飯,https://d3l76hx23vw40a.cloudfront.net/recipe/whk092-020b_1.jpg,,,3,14,4,https://www.ytower.com.tw/recipe/iframe-recipe.asp?seq=F04-0816,
311,21452,楊桃,咖哩南瓜醬拌麵,https://d3l76hx23vw40a.cloudfront.net/recipe/bk171-043_1.jpg,,,2,9,3,https://www.ytower.com.tw/recipe/iframe-recipe.asp?seq=F04-0479,
312,21456,楊桃,南瓜塔(2),https://d3l76hx23vw40a.cloudfront.net/recipe/whk060-067b_1.jpg,,,3,4,3,https://www.ytower.com.tw/recipe/iframe-recipe.asp?seq=F04-0729,
313,21459,楊桃,南瓜燉飯,https://d3l76hx23vw40a.cloudfront.net/recipe/whk079-079c_1.jpg,,,2,8,2,https://www.ytower.com.tw/recipe/iframe-recipe.asp?seq=F04-0805,
314,21460,楊桃,香甜南瓜醬,https://d3l76hx23vw40a.cloudfront.net/recipe/bk106a-020c_1.jpg,,,1,4,3,https://www.ytower.com.tw/recipe/iframe-recipe.asp?seq=F04-212,
315,21462,楊桃,南瓜塔(1),https://d3l76hx23vw40a.cloudfront.net/recipe/yb18-015_1.jpg,,,0,2,2,https://www.ytower.com.tw/recipe/iframe-recipe.asp?seq=F04-217,
316,21463,楊桃,焗烤南瓜鮮蝦寬麵,https://d3l76hx23vw40a.cloudfront.net/recipe/bk123-025a_1.jpg,,,0,10,5,https://www.ytower.com.tw/recipe/iframe-recipe.asp?seq=F04-0307,
317,21465,楊桃,南瓜泥,https://d3l76hx23vw40a.cloudfront.net/recipe/00_1.jpg,,,0,9,1,https://www.ytower.com.tw/recipe/iframe-recipe.asp?seq=F04-218,
318,21474,楊桃,南瓜椰糕,https://d3l76hx23vw40a.cloudfront.net/recipe/re01-076_1.jpg,,,1,7,4,https://www.ytower.com.tw/recipe/iframe-recipe.asp?seq=F04-0260,
319,21475,楊桃,南瓜咖哩醬,https://d3l76hx23vw40a.cloudfront.net/recipe/bk74-029a_1.jpg,,,0,18,3,https://www.ytower.com.tw/recipe/iframe-recipe.asp?seq=F04-140,
320,21480,楊桃,南瓜茶巾,https://d3l76hx23vw40a.cloudfront.net/recipe/whk21-095b_1.jpg,,,0,5,2,https://www.ytower.com.tw/recipe/iframe-recipe.asp?seq=F04-069,
321,21483,楊桃,南瓜葡萄柚淋醬,https://d3l76hx23vw40a.cloudfront.net/recipe/gy31-057b_1.jpg,,,0,3,2,https://www.ytower.com.tw/recipe/iframe-recipe.asp?seq=F04-0448,
322,21486,楊桃,咖哩南瓜義大利圓麵,https://d3l76hx23vw40a.cloudfront.net/recipe/bk89-032a_1.jpg,,,0,8,4,https://www.ytower.com.tw/recipe/iframe-recipe.asp?seq=F04-175,
323,21493,楊桃,南瓜義大利麵,https://d3l76hx23vw40a.cloudfront.net/recipe/whk072-093a_1.jpg,,,0,4,2,https://www.ytower.com.tw/recipe/iframe-recipe.asp?seq=F04-0789,
324,21494,楊桃,鮮菇南瓜炊飯,https://d3l76hx23vw40a.cloudfront.net/recipe/whk113-030_1.jpg,,,0,11,3,https://www.ytower.com.tw/recipe/iframe-recipe.asp?seq=F04-1095,
325,21495,楊桃,南瓜雞丁鹹派,https://d3l76hx23vw40a.cloudfront.net/recipe/whk072-045b_1.jpg,,,1,6,5,https://www.ytower.com.tw/recipe/iframe-recipe.asp?seq=F04-0781,
326,21499,楊桃,南瓜醬(2),https://d3l76hx23vw40a.cloudfront.net/recipe/whk072-093b_1.jpg,,,0,7,3,https://www.ytower.com.tw/recipe/iframe-recipe.asp?seq=F04-0790,
327,21501,楊桃,田園蔬菜綠藻麵,https://d3l76hx23vw40a.cloudfront.net/recipe/bk147-040_1.jpg,,,0,13,3,https://www.ytower.com.tw/recipe/iframe-recipe.asp?seq=F04-0413,
328,21502,楊桃,南瓜蘆筍培根鹹蛋糕,https://d3l76hx23vw40a.cloudfront.net/recipe/whk086-079b_1.jpg,,,0,7,4,https://www.ytower.com.tw/recipe/iframe-recipe.asp?seq=F04-0814,
329,21505,楊桃,蘆筍蛋黃拌炒義大利麵,https://d3l76hx23vw40a.cloudfront.net/recipe/whk072-036a_1.jpg,,,0,5,4,https://www.ytower.com.tw/recipe/iframe-recipe.asp?seq=F04-0779,
330,21507,楊桃,南瓜醬DIY,https://d3l76hx23vw40a.cloudfront.net/recipe/00_1.jpg,,,0,4,1,https://www.ytower.com.tw/recipe/iframe-recipe.asp?seq=F04-0412,
331,21511,楊桃,南瓜海鮮燴飯,https://d3l76hx23vw40a.cloudfront.net/recipe/whk090-105b_1.jpg,,,0,15,4,https://www.ytower.com.tw/recipe/iframe-recipe.asp?seq=F04-0861,
332,21521,楊桃,紅棗燉南瓜(2),https://d3l76hx23vw40a.cloudfront.net/recipe/whk083-034a_1.jpg,,,1,5,4,https://www.ytower.com.tw/recipe/iframe-recipe.asp?seq=F04-0844,
333,21526,楊桃,奶油火腿焗南瓜,https://d3l76hx23vw40a.cloudfront.net/recipe/whk082-032a_1.jpg,,,0,5,4,https://www.ytower.com.tw/recipe/iframe-recipe.asp?seq=F04-0835,
334,21531,楊桃,焦糖南瓜布丁(1),https://d3l76hx23vw40a.cloudfront.net/recipe/whk091-105a_1.jpg,,,0,9,5,https://www.ytower.com.tw/recipe/iframe-recipe.asp?seq=F04-0890,
335,21536,楊桃,南瓜炒麵,https://d3l76hx23vw40a.cloudfront.net/recipe/whk105-098_1.jpg,,,0,9,4,https://www.ytower.com.tw/recipe/iframe-recipe.asp?seq=F04-0977,
336,21539,楊桃,香草奶油燉南瓜,https://d3l76hx23vw40a.cloudfront.net/recipe/whk080-074b_1.jpg,,,0,5,2,https://www.ytower.com.tw/recipe/iframe-recipe.asp?seq=F04-0811,
337,21544,楊桃,南瓜美味煮(1),https://d3l76hx23vw40a.cloudfront.net/recipe/whk066-024a_1.jpg,,,0,5,2,https://www.ytower.com.tw/recipe/iframe-recipe.asp?seq=F04-0747,
338,21551,楊桃,燜南瓜,https://d3l76hx23vw40a.cloudfront.net/recipe/00_1.jpg,,,0,3,3,https://www.ytower.com.tw/recipe/iframe-recipe.asp?seq=F04-049,
339,21562,楊桃,蘑菇南瓜餡,https://d3l76hx23vw40a.cloudfront.net/recipe/whk090-006b_1.jpg,,,0,8,3,https://www.ytower.com.tw/recipe/iframe-recipe.asp?seq=F04-0851,
340,21566,楊桃,南瓜豆漿蒸蛋,https://d3l76hx23vw40a.cloudfront.net/recipe/whk124-040a_1.jpg,,,0,8,5,https://www.ytower.com.tw/recipe/iframe-recipe.asp?seq=F04-1003,
341,21574,楊桃,南瓜咖哩醬(2),https://d3l76hx23vw40a.cloudfront.net/recipe/whk105-021a_1.jpg,,,0,5,6,https://www.ytower.com.tw/recipe/iframe-recipe.asp?seq=F04-0922,
342,21575,楊桃,焗南瓜豆腐,https://d3l76hx23vw40a.cloudfront.net/recipe/whk105-075b_1.jpg,,,0,6,4,https://www.ytower.com.tw/recipe/iframe-recipe.asp?seq=F04-0976,
343,21579,楊桃,南瓜鬆糕,https://d3l76hx23vw40a.cloudfront.net/recipe/whk102-085b_1.jpg,,,0,7,4,https://www.ytower.com.tw/recipe/iframe-recipe.asp?seq=F04-0939,
344,21582,楊桃,腰果滷南瓜鮮蔬,https://d3l76hx23vw40a.cloudfront.net/recipe/whk111-011_1.jpg,,,0,14,6,https://www.ytower.com.tw/recipe/iframe-recipe.asp?seq=F04-0980,
345,21616,楊桃,季節時蔬蒸籠,https://d3l76hx23vw40a.cloudfront.net/recipe/whk116-040_1.jpg,,,0,10,4,https://www.ytower.com.tw/recipe/iframe-recipe.asp?seq=F04-1065,
346,21617,楊桃,南瓜舒芙蕾起司蛋糕,https://d3l76hx23vw40a.cloudfront.net/recipe/whk102-076_1.jpg,,,0,12,3,https://www.ytower.com.tw/recipe/iframe-recipe.asp?seq=F04-0938,
347,21630,楊桃,薑母蔬食鍋,https://d3l76hx23vw40a.cloudfront.net/recipe/whk101-047b_1.jpg,,,0,16,4,https://www.ytower.com.tw/recipe/iframe-recipe.asp?seq=F04-1006,
348,21633,楊桃,彩蔬湯咖哩,https://d3l76hx23vw40a.cloudfront.net/recipe/whk107-062b_1.jpg,,,0,15,5,https://www.ytower.com.tw/recipe/iframe-recipe.asp?seq=F04-1011,
349,21642,楊桃,彩蔬咖哩熱沾麵,https://d3l76hx23vw40a.cloudfront.net/recipe/whk109-034b_1.jpg,,,0,18,5,https://www.ytower.com.tw/recipe/iframe-recipe.asp?seq=F04-1050,
350,21643,楊桃,南瓜煮(2),https://d3l76hx23vw40a.cloudfront.net/recipe/whk117-040a_1.jpg,,,0,10,5,https://www.ytower.com.tw/recipe/iframe-recipe.asp?seq=F04-0986,
351,21644,楊桃,肉燥南瓜炒麵,https://d3l76hx23vw40a.cloudfront.net/recipe/whk097-041a_1.jpg,,,0,7,3,https://www.ytower.com.tw/recipe/iframe-recipe.asp?seq=F04-0951,
352,21647,楊桃,南瓜湯咖哩,https://d3l76hx23vw40a.cloudfront.net/recipe/whk107-065b_1.jpg,,,0,9,3,https://www.ytower.com.tw/recipe/iframe-recipe.asp?seq=F04-1012,
353,21779,楊桃,南瓜海鮮盅,https://d3l76hx23vw40a.cloudfront.net/recipe/whk106-076_1.jpg,,,0,15,4,https://www.ytower.com.tw/recipe/iframe-recipe.asp?seq=B04-0717,
354,21805,楊桃,焗烤南瓜飯,https://d3l76hx23vw40a.cloudfront.net/recipe/bk44-028_1.jpg,,,2,9,4,https://www.ytower.com.tw/recipe/iframe-recipe.asp?seq=G01-395,
355,21947,楊桃,田園起司燉飯,https://d3l76hx23vw40a.cloudfront.net/recipe/yqn27-053_1.jpg,,,0,14,3,https://www.ytower.com.tw/recipe/iframe-recipe.asp?seq=G01-0856,
356,22006,楊桃,天丼(2),https://d3l76hx23vw40a.cloudfront.net/recipe/bk35-012_1.jpg,,,0,10,4,https://www.ytower.com.tw/recipe/iframe-recipe.asp?seq=G01-362,
357,22220,楊桃,紅米堅果炊飯,https://d3l76hx23vw40a.cloudfront.net/recipe/whk107-073a_1.jpg,,,0,6,3,https://www.ytower.com.tw/recipe/iframe-recipe.asp?seq=G01-1171,
358,22322,楊桃,南瓜麵包,https://d3l76hx23vw40a.cloudfront.net/recipe/yb28-051_1.jpg,,,1,7,5,https://www.ytower.com.tw/recipe/iframe-recipe.asp?seq=G02-0824,
359,22331,楊桃,五穀雜糧麵包,https://d3l76hx23vw40a.cloudfront.net/recipe/yb19-040_1.jpg,,,0,15,8,https://www.ytower.com.tw/recipe/iframe-recipe.asp?seq=G02-735,
360,22391,楊桃,堅果麵包,https://d3l76hx23vw40a.cloudfront.net/recipe/yb19-035_1.jpg,,,0,15,8,https://www.ytower.com.tw/recipe/iframe-recipe.asp?seq=G02-731,
361,22445,楊桃,南瓜雪糕,https://d3l76hx23vw40a.cloudfront.net/recipe/whk25-127_1.jpg,,,3,8,3,https://www.ytower.com.tw/recipe/iframe-recipe.asp?seq=H03-093,
362,22459,楊桃,優格精力湯,https://d3l76hx23vw40a.cloudfront.net/recipe/bk26-026_1.jpg,,,0,17,3,https://www.ytower.com.tw/recipe/iframe-recipe.asp?seq=I01-101,
363,22502,楊桃,甜菜根麵包,https://d3l76hx23vw40a.cloudfront.net/recipe/yb19-058_1.jpg,,,0,11,6,https://www.ytower.com.tw/recipe/iframe-recipe.asp?seq=G02-756,
364,22669,楊桃,雜糧蛋糕,https://d3l76hx23vw40a.cloudfront.net/recipe/yb16-016_1.jpg,,,1,13,5,https://www.ytower.com.tw/recipe/iframe-recipe.asp?seq=F05-115,
365,23028,楊桃,精力醬義大利麵,https://d3l76hx23vw40a.cloudfront.net/recipe/bk31-043a_1.jpg,,,0,12,6,https://www.ytower.com.tw/recipe/iframe-recipe.asp?seq=G02-242,
366,23089,楊桃,備長炭土司,https://d3l76hx23vw40a.cloudfront.net/recipe/yb19-053_1.jpg,,,0,14,6,https://www.ytower.com.tw/recipe/iframe-recipe.asp?seq=G02-751,
367,23438,楊桃,綜合蔬菜,https://d3l76hx23vw40a.cloudfront.net/recipe/whk104-008_1.jpg,,,0,5,5,https://www.ytower.com.tw/recipe/iframe-recipe.asp?seq=F02-0992,
368,23519,楊桃,鹽麴鮮蔬燙,https://d3l76hx23vw40a.cloudfront.net/recipe/whk111-089a_1.jpg,,,0,7,2,https://www.ytower.com.tw/recipe/iframe-recipe.asp?seq=F02-1065,
369,23548,楊桃,焦糖堅果烘餅,https://d3l76hx23vw40a.cloudfront.net/recipe/whk111-108_1.jpg,,,0,5,3,https://www.ytower.com.tw/recipe/iframe-recipe.asp?seq=F05-0756,
370,23755,楊桃,鮮蔬香腸烘餅,https://d3l76hx23vw40a.cloudfront.net/recipe/whk111-106_1.jpg,,,1,8,5,https://www.ytower.com.tw/recipe/iframe-recipe.asp?seq=F02-1066,
371,23776,楊桃,杏仁瓦片(4),https://d3l76hx23vw40a.cloudfront.net/recipe/yb05-039a_1.jpg,,,12,8,4,https://www.ytower.com.tw/recipe/iframe-recipe.asp?seq=H02-818,
372,24181,楊桃,健康養生起司蛋糕,https://d3l76hx23vw40a.cloudfront.net/recipe/yb02-021_1.jpg,,,0,10,5,https://www.ytower.com.tw/recipe/iframe-recipe.asp?seq=H02-655,
373,24200,楊桃,南瓜起司蛋糕,https://d3l76hx23vw40a.cloudfront.net/recipe/yb02-026_1.jpg,,,0,7,4,https://www.ytower.com.tw/recipe/iframe-recipe.asp?seq=H02-659,
374,24285,楊桃,芋泥派,https://d3l76hx23vw40a.cloudfront.net/recipe/yb10-056_1.jpg,,,0,10,4,https://www.ytower.com.tw/recipe/iframe-recipe.asp?seq=H02-891,
375,24297,楊桃,杏仁薄燒,https://d3l76hx23vw40a.cloudfront.net/recipe/gg27-013_1.jpg,,,5,8,3,https://www.ytower.com.tw/recipe/iframe-recipe.asp?seq=F05-0294,
376,24334,楊桃,澳門奶酥餅乾,https://d3l76hx23vw40a.cloudfront.net/recipe/gg27-017_1.jpg,,,2,8,4,https://www.ytower.com.tw/recipe/iframe-recipe.asp?seq=G02-1104,
377,24383,楊桃,南瓜雞肉焗飯(1),https://d3l76hx23vw40a.cloudfront.net/recipe/yqn076-015_1.jpg,,,0,10,4,https://www.ytower.com.tw/recipe/iframe-recipe.asp?seq=A03-1699,
378,24416,楊桃,南瓜派(1),https://d3l76hx23vw40a.cloudfront.net/recipe/yb03-032b_1.jpg,,,1,11,5,https://www.ytower.com.tw/recipe/iframe-recipe.asp?seq=H02-700,
379,24502,楊桃,船形酥片,https://d3l76hx23vw40a.cloudfront.net/recipe/yb05-046_1.jpg,,,0,9,5,https://www.ytower.com.tw/recipe/iframe-recipe.asp?seq=H02-825,
380,24530,楊桃,南瓜雞肉焗飯,https://d3l76hx23vw40a.cloudfront.net/recipe/gy69-045a_1.jpg,,,2,8,3,https://www.ytower.com.tw/recipe/iframe-recipe.asp?seq=A03-1350,
381,24562,楊桃,蜂蜜雜糧餅乾,https://d3l76hx23vw40a.cloudfront.net/recipe/yb05-016_1.jpg,,,18,11,6,https://www.ytower.com.tw/recipe/iframe-recipe.asp?seq=H02-796,
382,24701,楊桃,南瓜豬肉燉飯,https://d3l76hx23vw40a.cloudfront.net/recipe/yqn27-057_1.jpg,,,0,11,3,https://www.ytower.com.tw/recipe/iframe-recipe.asp?seq=A02-1522,
383,24704,楊桃,松子燕麥奶香餅,https://d3l76hx23vw40a.cloudfront.net/recipe/bk78-032a_1.jpg,,,0,10,4,https://www.ytower.com.tw/recipe/iframe-recipe.asp?seq=H02-578,
384,24805,楊桃,堅果咖哩醬,https://d3l76hx23vw40a.cloudfront.net/recipe/yqn094-028_1.jpg,,,0,15,4,https://www.ytower.com.tw/recipe/iframe-recipe.asp?seq=F05-0542,
385,24813,楊桃,堅果牛角麵包,https://d3l76hx23vw40a.cloudfront.net/recipe/yb15-047_1.jpg,,,0,14,9,https://www.ytower.com.tw/recipe/iframe-recipe.asp?seq=G02-679,
386,24853,楊桃,南瓜小塔,https://d3l76hx23vw40a.cloudfront.net/recipe/yb27-032_1.jpg,,,1,8,4,https://www.ytower.com.tw/recipe/iframe-recipe.asp?seq=H02-1104,
387,24916,楊桃,南瓜雞肉焗螺旋麵,https://d3l76hx23vw40a.cloudfront.net/recipe/gy69-058b_1.jpg,,,0,6,2,https://www.ytower.com.tw/recipe/iframe-recipe.asp?seq=A03-1355,
388,24944,楊桃,雜糧稞麥麵包,https://d3l76hx23vw40a.cloudfront.net/recipe/yb31-048_1.jpg,,,0,14,9,https://www.ytower.com.tw/recipe/iframe-recipe.asp?seq=G02-0886,
389,24984,楊桃,南瓜布丁,https://d3l76hx23vw40a.cloudfront.net/recipe/ck31-018_1.jpg,,,0,8,4,https://www.ytower.com.tw/recipe/iframe-recipe.asp?seq=H02-764,
390,25056,楊桃,南瓜派,https://d3l76hx23vw40a.cloudfront.net/recipe/whk28-076c_1.jpg,,,0,7,4,https://www.ytower.com.tw/recipe/iframe-recipe.asp?seq=H02-377,
391,25092,楊桃,南瓜力斯,https://d3l76hx23vw40a.cloudfront.net/recipe/gg27-052_1.jpg,,,0,9,5,https://www.ytower.com.tw/recipe/iframe-recipe.asp?seq=G02-1113,
392,25226,楊桃,南瓜子貝果,https://d3l76hx23vw40a.cloudfront.net/recipe/yb09-026_1.jpg,,,0,8,5,https://www.ytower.com.tw/recipe/iframe-recipe.asp?seq=H02-841,
393,25271,楊桃,西西里迷你塔,https://d3l76hx23vw40a.cloudfront.net/recipe/yb18-051_1.jpg,,,0,6,1,https://www.ytower.com.tw/recipe/iframe-recipe.asp?seq=F05-136,
394,25294,楊桃,南瓜鮮蝦麵,https://d3l76hx23vw40a.cloudfront.net/recipe/bk147-039_1.jpg,,,0,7,3,https://www.ytower.com.tw/recipe/iframe-recipe.asp?seq=B03-0517,
395,25368,楊桃,南瓜雞肉鹹派塔,https://d3l76hx23vw40a.cloudfront.net/recipe/whk061-025_1.jpg,,,0,7,2,https://www.ytower.com.tw/recipe/iframe-recipe.asp?seq=A03-1857,
396,25390,楊桃,南瓜牛角可頌,https://d3l76hx23vw40a.cloudfront.net/recipe/yb15-030_1.jpg,,,0,13,9,https://www.ytower.com.tw/recipe/iframe-recipe.asp?seq=G02-673,
397,25488,楊桃,堅果脆餅,https://d3l76hx23vw40a.cloudfront.net/recipe/bake-070_1.jpg,,,0,9,4,https://www.ytower.com.tw/recipe/iframe-recipe.asp?seq=H02-212,
398,25562,楊桃,金瓜雞絲炒意大利麵,https://d3l76hx23vw40a.cloudfront.net/recipe/yqn14-016a_1.jpg,,,0,10,4,https://www.ytower.com.tw/recipe/iframe-recipe.asp?seq=A03-0867,
399,25626,楊桃,什錦核果餅乾,https://d3l76hx23vw40a.cloudfront.net/recipe/bk78-024b_1.jpg,,,0,7,4,https://www.ytower.com.tw/recipe/iframe-recipe.asp?seq=H02-570,
400,25648,楊桃,黑糖地瓜,https://d3l76hx23vw40a.cloudfront.net/recipe/yb31-033_1.jpg,,,0,16,8,https://www.ytower.com.tw/recipe/iframe-recipe.asp?seq=G02-0878,
401,25746,楊桃,養生枸杞土司,https://d3l76hx23vw40a.cloudfront.net/recipe/yb08-049_1.jpg,,,0,15,5,https://www.ytower.com.tw/recipe/iframe-recipe.asp?seq=G02-602,
402,25938,楊桃,南瓜肉丁燉飯,https://d3l76hx23vw40a.cloudfront.net/recipe/whk088-022b_1.jpg,,,0,7,5,https://www.ytower.com.tw/recipe/iframe-recipe.asp?seq=A02-3227,
403,26041,楊桃,南瓜雞肉焗飯(2),https://d3l76hx23vw40a.cloudfront.net/recipe/whk069-007a_1.jpg,,,0,9,3,https://www.ytower.com.tw/recipe/iframe-recipe.asp?seq=A03-1891,
404,26150,楊桃,義大利式甜菜醬,https://d3l76hx23vw40a.cloudfront.net/recipe/sk03-032b_1.jpg,,,0,11,2,https://www.ytower.com.tw/recipe/iframe-recipe.asp?seq=I03-0914,
405,26155,楊桃,羅勒南瓜雞肉醬,https://d3l76hx23vw40a.cloudfront.net/recipe/gy28-061_1.jpg,,,0,5,2,https://www.ytower.com.tw/recipe/iframe-recipe.asp?seq=A03-1061,
406,26239,楊桃,雜糧瑞士捲,https://d3l76hx23vw40a.cloudfront.net/recipe/yb04-030_1.jpg,,,0,15,5,https://www.ytower.com.tw/recipe/iframe-recipe.asp?seq=H02-733,
407,26247,楊桃,燕麥餅乾,https://d3l76hx23vw40a.cloudfront.net/recipe/whk096-068a_1.jpg,,,0,13,3,https://www.ytower.com.tw/recipe/iframe-recipe.asp?seq=F05-0708,
408,26356,楊桃,香焗起司海鮮,https://d3l76hx23vw40a.cloudfront.net/recipe/whk28-087b_1.jpg,,,0,8,5,https://www.ytower.com.tw/recipe/iframe-recipe.asp?seq=G02-332,
409,26535,楊桃,南瓜口味餅皮,https://d3l76hx23vw40a.cloudfront.net/recipe/00_1.jpg,,,0,7,3,https://www.ytower.com.tw/recipe/iframe-recipe.asp?seq=G02-702,
410,26545,楊桃,南瓜蘆筍鮭魚派,https://d3l76hx23vw40a.cloudfront.net/recipe/whk089-073b_1.jpg,,,0,10,4,https://www.ytower.com.tw/recipe/iframe-recipe.asp?seq=B01-1764,
411,26728,楊桃,起司德式香腸焗飯,https://d3l76hx23vw40a.cloudfront.net/recipe/whk111-008a_1.jpg,,,0,13,5,https://www.ytower.com.tw/recipe/iframe-recipe.asp?seq=A02-3607,
412,26782,楊桃,奶油南瓜雞肉燉飯,https://d3l76hx23vw40a.cloudfront.net/recipe/00_1.jpg,,,0,10,4,https://www.ytower.com.tw/recipe/iframe-recipe.asp?seq=A03-2333,
413,26999,楊桃,南瓜雞肉燉飯,https://d3l76hx23vw40a.cloudfront.net/recipe/m333_1.jpg,,,0,7,3,https://www.ytower.com.tw/recipe/iframe-recipe.asp?seq=A03-1610,
414,27028,楊桃,雞肉拌飯,https://d3l76hx23vw40a.cloudfront.net/recipe/ck49-029_1.jpg,,,0,10,3,https://www.ytower.com.tw/recipe/iframe-recipe.asp?seq=A03-0669,
415,27038,楊桃,南瓜雞肉燉飯(1),https://d3l76hx23vw40a.cloudfront.net/recipe/whk059-014b_1.jpg,,,0,8,5,https://www.ytower.com.tw/recipe/iframe-recipe.asp?seq=A03-1836,
416,27058,楊桃,南瓜咖哩鴨飯,https://d3l76hx23vw40a.cloudfront.net/recipe/bk170-021_1.jpg,,,0,11,5,https://www.ytower.com.tw/recipe/iframe-recipe.asp?seq=A05-0108,
417,27137,楊桃,天婦羅壽司卷,https://d3l76hx23vw40a.cloudfront.net/recipe/whk37-090_1.jpg,,,0,9,8,https://www.ytower.com.tw/recipe/iframe-recipe.asp?seq=B03-190,
418,27239,楊桃,綜合天婦羅壽司卷,https://d3l76hx23vw40a.cloudfront.net/recipe/00_1.jpg,,,0,10,5,https://www.ytower.com.tw/recipe/iframe-recipe.asp?seq=B03-249,
419,27259,楊桃,一口雙色小飯糰,https://d3l76hx23vw40a.cloudfront.net/recipe/whk101-018a_1.jpg,,,0,5,3,https://www.ytower.com.tw/recipe/iframe-recipe.asp?seq=B01-1853,
420,27323,楊桃,南瓜豬肉丼,https://d3l76hx23vw40a.cloudfront.net/recipe/whk116-085a_1.jpg,,,0,11,5,https://www.ytower.com.tw/recipe/iframe-recipe.asp?seq=A02-3788,
421,27410,楊桃,蔬菜甜不辣,https://d3l76hx23vw40a.cloudfront.net/recipe/bk130-017b_1.jpg,,,0,12,4,https://www.ytower.com.tw/recipe/iframe-recipe.asp?seq=B01-0801,
422,27481,楊桃,和風養生鱈魚鍋,https://d3l76hx23vw40a.cloudfront.net/recipe/whk082-113b_1.jpg,,,0,10,3,https://www.ytower.com.tw/recipe/iframe-recipe.asp?seq=B01-1717,
423,27547,楊桃,蒜味松子秋葵漬鰻,https://d3l76hx23vw40a.cloudfront.net/recipe/whk085-098c_1.jpg,,,0,11,5,https://www.ytower.com.tw/recipe/iframe-recipe.asp?seq=B01-1786,
424,27578,楊桃,什錦味噌鍋,https://d3l76hx23vw40a.cloudfront.net/recipe/whk107-045_1.jpg,,,0,14,4,https://www.ytower.com.tw/recipe/iframe-recipe.asp?seq=B01-1938,
