,index,Website,按讚數,烹飪時間,食譜名稱,url,圖片連結,食材種類,營養資訊,烹飪步驟,有無影片
0,0,kitchen_story,277000,45,豬肉包子,https://www.chufanggushi.com/shi-pu/zheng-zhu-rou-cha-shao-bao-zh,"data:image/png;base64,iVBORw0KGgoAAAANSUhEUgAAAAEAAAABCAQAAAC1HAwCAAAAC0lEQVR42mNkYAAAAAYAAjCB0C8AAAAASUVORK5CYII=",14.0,"['卡路里', '315', '蛋白質', '30 克', '脂肪', '4 克', '碳水化合物', '40 克']",4.0,Y
1,22,楊桃,96,,醬爆肉片,https://www.ytower.com.tw/recipe/iframe-recipe.asp?seq=A02-1949,https://d3l76hx23vw40a.cloudfront.net/recipe/bk184-009_1.jpg,10.0,,4.0,
2,47,楊桃,35,,台式炸排骨,https://www.ytower.com.tw/recipe/iframe-recipe.asp?seq=A02-1916,https://d3l76hx23vw40a.cloudfront.net/recipe/bk179-017_1.jpg,9.0,,3.0,
3,74,楊桃,24,,台式鹹粥(2),https://www.ytower.com.tw/recipe/iframe-recipe.asp?seq=A02-2009,https://d3l76hx23vw40a.cloudfront.net/recipe/yqn36-017_1.jpg,14.0,,3.0,
4,78,楊桃,11,,台式炒麵,https://www.ytower.com.tw/recipe/iframe-recipe.asp?seq=A02-1985,https://d3l76hx23vw40a.cloudfront.net/recipe/bk183-033a_1.jpg,13.0,,4.0,
5,87,楊桃,22,,傳統油飯,https://www.ytower.com.tw/recipe/iframe-recipe.asp?seq=G01-548,https://d3l76hx23vw40a.cloudfront.net/recipe/hq06-008_1.jpg,15.0,,9.0,
6,99,楊桃,6,,京醬肉絲(2),https://www.ytower.com.tw/recipe/iframe-recipe.asp?seq=A02-1573,https://d3l76hx23vw40a.cloudfront.net/recipe/gy34-013a_1.jpg,12.0,,3.0,
7,121,楊桃,23,,冬瓜滷肉,https://www.ytower.com.tw/recipe/iframe-recipe.asp?seq=A02-2299,https://d3l76hx23vw40a.cloudfront.net/recipe/yqn62-013_1.jpg,9.0,,3.0,
8,253,楊桃,5,,肉圓,https://www.ytower.com.tw/recipe/iframe-recipe.asp?seq=A02-1851,https://d3l76hx23vw40a.cloudfront.net/recipe/gy67-014_1.jpg,11.0,,5.0,
9,269,楊桃,4,,豆干炒肉絲(1),https://www.ytower.com.tw/recipe/iframe-recipe.asp?seq=E01-0205,https://d3l76hx23vw40a.cloudfront.net/recipe/bk207-012b_1.jpg,16.0,,5.0,
10,287,楊桃,3,,湖南豆腐,https://www.ytower.com.tw/recipe/iframe-recipe.asp?seq=D01-0435,https://d3l76hx23vw40a.cloudfront.net/recipe/bk214-031_1.jpg,12.0,,3.0,
11,346,楊桃,7,,南瓜炒米粉(1),https://www.ytower.com.tw/recipe/iframe-recipe.asp?seq=F04-0492,https://d3l76hx23vw40a.cloudfront.net/recipe/gy51-070_1.jpg,11.0,,4.0,
12,362,楊桃,4,,蕃茄肉片炒蛋,https://www.ytower.com.tw/recipe/iframe-recipe.asp?seq=C01-0530,https://d3l76hx23vw40a.cloudfront.net/recipe/bk186-014_1.jpg,12.0,,5.0,
13,421,楊桃,6,,高麗菜粥,https://www.ytower.com.tw/recipe/iframe-recipe.asp?seq=F02-0663,https://d3l76hx23vw40a.cloudfront.net/recipe/yqn36-015b_1.jpg,13.0,,3.0,
14,452,楊桃,9,,川味酸辣湯,https://www.ytower.com.tw/recipe/iframe-recipe.asp?seq=A02-2231,https://d3l76hx23vw40a.cloudfront.net/recipe/yqn53-043a_1.jpg,16.0,,4.0,
15,546,楊桃,5,,蘿蔔絲酥餅,https://www.ytower.com.tw/recipe/iframe-recipe.asp?seq=H01-252,https://d3l76hx23vw40a.cloudfront.net/recipe/sogo-070_1.jpg,18.0,,6.0,
16,671,楊桃,10,,傳統炸排骨(濕粉),https://www.ytower.com.tw/recipe/iframe-recipe.asp?seq=A02-2538,https://d3l76hx23vw40a.cloudfront.net/recipe/yqn072-011_1.jpg,11.0,,3.0,
17,677,楊桃,2,,台式沙茶炒麵,https://www.ytower.com.tw/recipe/iframe-recipe.asp?seq=G02-659,https://d3l76hx23vw40a.cloudfront.net/recipe/bk99-017_1.jpg,9.0,,5.0,
18,769,楊桃,1,,醬爆高麗菜,https://www.ytower.com.tw/recipe/iframe-recipe.asp?seq=F02-0654,https://d3l76hx23vw40a.cloudfront.net/recipe/bk182-032a_1.jpg,9.0,,2.0,
19,786,楊桃,1,,髮菜羹(1),https://www.ytower.com.tw/recipe/iframe-recipe.asp?seq=A02-2255,https://d3l76hx23vw40a.cloudfront.net/recipe/yqn58-030a_1.jpg,21.0,,3.0,
20,888,楊桃,4,,豬肉餡餅(2),https://www.ytower.com.tw/recipe/iframe-recipe.asp?seq=H01-538,https://d3l76hx23vw40a.cloudfront.net/recipe/hq19-024b_1.jpg,12.0,,4.0,
21,945,楊桃,1,,狀元及第粥,https://www.ytower.com.tw/recipe/iframe-recipe.asp?seq=G01-413,https://d3l76hx23vw40a.cloudfront.net/recipe/bk56-012_1.jpg,18.0,,6.0,
22,956,楊桃,3,,鹹年糕,https://www.ytower.com.tw/recipe/iframe-recipe.asp?seq=G01-0951,https://d3l76hx23vw40a.cloudfront.net/recipe/yqn58-045b_1.jpg,11.0,,5.0,
23,959,楊桃,3,,皮蛋瘦肉粥,https://www.ytower.com.tw/recipe/iframe-recipe.asp?seq=G01-414,https://d3l76hx23vw40a.cloudfront.net/recipe/bk56-013a_1.jpg,11.0,,4.0,
24,984,楊桃,3,,肉絲炒米粉,https://www.ytower.com.tw/recipe/iframe-recipe.asp?seq=A02-1533,https://d3l76hx23vw40a.cloudfront.net/recipe/yqn29-057b_1.jpg,17.0,,3.0,
25,997,楊桃,1,,紅糟炒肉絲,https://www.ytower.com.tw/recipe/iframe-recipe.asp?seq=A02-1245,https://d3l76hx23vw40a.cloudfront.net/recipe/ck79-034a_1.jpg,8.0,,3.0,
26,1049,楊桃,9,,白菜魚翅羹(1),https://www.ytower.com.tw/recipe/iframe-recipe.asp?seq=B01-1736,https://d3l76hx23vw40a.cloudfront.net/recipe/whk094-070a_1.jpg,23.0,,4.0,
27,1070,楊桃,0,,炒木須肉,https://www.ytower.com.tw/recipe/iframe-recipe.asp?seq=A02-1625,https://d3l76hx23vw40a.cloudfront.net/recipe/gy34-030b_1.jpg,14.0,,3.0,
28,1099,楊桃,0,,乾扁四季豆,https://www.ytower.com.tw/recipe/iframe-recipe.asp?seq=F05-029,https://d3l76hx23vw40a.cloudfront.net/recipe/bk56-044b_1.jpg,11.0,,5.0,
29,1100,楊桃,0,,雪菜炒肉絲,https://www.ytower.com.tw/recipe/iframe-recipe.asp?seq=A02-1819,https://d3l76hx23vw40a.cloudfront.net/recipe/gy55-034a_1.jpg,11.0,,4.0,
30,1131,楊桃,2,,水晶肉凍,https://www.ytower.com.tw/recipe/iframe-recipe.asp?seq=A02-2332,https://d3l76hx23vw40a.cloudfront.net/recipe/bk176-012_1.jpg,13.0,,4.0,
31,1180,楊桃,2,,四季豆炒肉絲,https://www.ytower.com.tw/recipe/iframe-recipe.asp?seq=F05-0351,https://d3l76hx23vw40a.cloudfront.net/recipe/gy34-041b_1.jpg,9.0,,3.0,
32,1190,楊桃,6,,洋蔥炒鹹豬肉,https://www.ytower.com.tw/recipe/iframe-recipe.asp?seq=A02-1841,https://d3l76hx23vw40a.cloudfront.net/recipe/gy61-025_1.jpg,9.0,,4.0,
33,1209,楊桃,1,,沙茶肉片炒泡麵,https://www.ytower.com.tw/recipe/iframe-recipe.asp?seq=A02-2174,https://d3l76hx23vw40a.cloudfront.net/recipe/yqn47-020b_1.jpg,6.0,,2.0,
34,1234,楊桃,1,,什錦炒麵(1),https://www.ytower.com.tw/recipe/iframe-recipe.asp?seq=A02-1575,https://d3l76hx23vw40a.cloudfront.net/recipe/gy33-014_1.jpg,15.0,,3.0,
35,1265,楊桃,2,,肉絲炒米粉(1),https://www.ytower.com.tw/recipe/iframe-recipe.asp?seq=A02-1992,https://d3l76hx23vw40a.cloudfront.net/recipe/bk182-047_1.jpg,13.0,,3.0,
36,1288,楊桃,2,,枸杞麻油松阪豬,https://www.ytower.com.tw/recipe/iframe-recipe.asp?seq=A02-2600,https://d3l76hx23vw40a.cloudfront.net/recipe/yqn082-027_1.jpg,7.0,,4.0,
37,1316,楊桃,1,,魚香肉絲(2),https://www.ytower.com.tw/recipe/iframe-recipe.asp?seq=A02-1991,https://d3l76hx23vw40a.cloudfront.net/recipe/bk188-011_1.jpg,14.0,,4.0,
38,1427,楊桃,1,,木須炒蛋(1),https://www.ytower.com.tw/recipe/iframe-recipe.asp?seq=F06-0297,https://d3l76hx23vw40a.cloudfront.net/recipe/bk186-015_1.jpg,12.0,,5.0,
39,1440,楊桃,3,,櫻花蝦米糕(1),https://www.ytower.com.tw/recipe/iframe-recipe.asp?seq=B03-0755,https://d3l76hx23vw40a.cloudfront.net/recipe/yqn58-026a_1.jpg,13.0,,4.0,
40,1483,楊桃,1,,貴妃牛肉燥,https://www.ytower.com.tw/recipe/iframe-recipe.asp?seq=A01-354,https://d3l76hx23vw40a.cloudfront.net/recipe/bk95-021_1.jpg,10.0,,4.0,
41,1530,楊桃,1,,劍筍炒肉絲,https://www.ytower.com.tw/recipe/iframe-recipe.asp?seq=F01-0883,https://d3l76hx23vw40a.cloudfront.net/recipe/gy34-017b_1.jpg,10.0,,2.0,
42,1545,楊桃,0,,長豆炒肉絲,https://www.ytower.com.tw/recipe/iframe-recipe.asp?seq=F05-0352,https://d3l76hx23vw40a.cloudfront.net/recipe/gy34-045b_1.jpg,8.0,,3.0,
43,1549,楊桃,2,,冬瓜滷豬肉,https://www.ytower.com.tw/recipe/iframe-recipe.asp?seq=A02-2269,https://d3l76hx23vw40a.cloudfront.net/recipe/yqn60-016_1.jpg,9.0,,3.0,
44,1552,楊桃,0,,豆漿火鍋,https://www.ytower.com.tw/recipe/iframe-recipe.asp?seq=A02-1212,https://d3l76hx23vw40a.cloudfront.net/recipe/bk131-023_1.jpg,11.0,,3.0,
45,1555,楊桃,1,,龍鬚菜炒肉絲(1),https://www.ytower.com.tw/recipe/iframe-recipe.asp?seq=F02-0703,https://d3l76hx23vw40a.cloudfront.net/recipe/yqn44-037_1.jpg,7.0,,2.0,
46,1760,楊桃,2,,沙茶豬肉,https://www.ytower.com.tw/recipe/iframe-recipe.asp?seq=A02-780,https://d3l76hx23vw40a.cloudfront.net/recipe/bk104-019_1.jpg,11.0,,2.0,
47,1764,楊桃,0,,芋頭肉絲炒米粉,https://www.ytower.com.tw/recipe/iframe-recipe.asp?seq=A02-1633,https://d3l76hx23vw40a.cloudfront.net/recipe/gy33-064b_1.jpg,14.0,,3.0,
48,1779,楊桃,0,,家常豆腐,https://www.ytower.com.tw/recipe/iframe-recipe.asp?seq=D01-0171,https://d3l76hx23vw40a.cloudfront.net/recipe/bk128-023c_1.jpg,16.0,,4.0,
49,1789,楊桃,36,,海產粥,https://www.ytower.com.tw/recipe/iframe-recipe.asp?seq=G01-401,https://d3l76hx23vw40a.cloudfront.net/recipe/bk51-044_1.jpg,15.0,,3.0,
50,1853,楊桃,18,,鴻喜菇炒蘆筍,https://www.ytower.com.tw/recipe/iframe-recipe.asp?seq=F06-0393,https://d3l76hx23vw40a.cloudfront.net/recipe/bk210-036_1.jpg,13.0,,4.0,
51,1878,楊桃,0,,肉絲蛋炒飯,https://www.ytower.com.tw/recipe/iframe-recipe.asp?seq=A02-1624,https://d3l76hx23vw40a.cloudfront.net/recipe/gy34-030a_1.jpg,9.0,,3.0,
52,1882,楊桃,0,,爆炒鹹豬肉,https://www.ytower.com.tw/recipe/iframe-recipe.asp?seq=A02-1044,https://d3l76hx23vw40a.cloudfront.net/recipe/bk119-034a_1.jpg,7.0,,4.0,
53,1971,楊桃,1,,辣味梅花肉,https://www.ytower.com.tw/recipe/iframe-recipe.asp?seq=A02-2668,https://d3l76hx23vw40a.cloudfront.net/recipe/aa003-033_1.jpg,4.0,,3.0,
54,2009,楊桃,7,,麻油松阪豬肉,https://www.ytower.com.tw/recipe/iframe-recipe.asp?seq=A02-3166,https://d3l76hx23vw40a.cloudfront.net/recipe/whk081-102_1.jpg,11.0,,4.0,
55,2081,楊桃,6,,青江菜包,https://www.ytower.com.tw/recipe/iframe-recipe.asp?seq=F02-0684,https://d3l76hx23vw40a.cloudfront.net/recipe/bk190-025_1.jpg,8.0,,5.0,
56,2087,楊桃,0,,茭白筍炒肉絲(1),https://www.ytower.com.tw/recipe/iframe-recipe.asp?seq=F01-0890,https://d3l76hx23vw40a.cloudfront.net/recipe/gy34-023b_1.jpg,8.0,,3.0,
57,2166,楊桃,0,,榨菜肉絲湯麵,https://www.ytower.com.tw/recipe/iframe-recipe.asp?seq=A02-2633,https://d3l76hx23vw40a.cloudfront.net/recipe/yqn095-028_1.jpg,10.0,,4.0,
58,2264,楊桃,0,,魚翅羹,https://www.ytower.com.tw/recipe/iframe-recipe.asp?seq=B01-1303,https://d3l76hx23vw40a.cloudfront.net/recipe/yqn58-030b_1.jpg,17.0,,5.0,
59,2279,楊桃,0,,鼎邊銼,https://www.ytower.com.tw/recipe/iframe-recipe.asp?seq=H01-419,https://d3l76hx23vw40a.cloudfront.net/recipe/bk51-034_1.jpg,18.0,,2.0,
60,2323,楊桃,0,,酸白菜炒肉,https://www.ytower.com.tw/recipe/iframe-recipe.asp?seq=A02-1820,https://d3l76hx23vw40a.cloudfront.net/recipe/gy55-034b_1.jpg,10.0,,4.0,
61,2370,楊桃,0,,西魯肉,https://www.ytower.com.tw/recipe/iframe-recipe.asp?seq=A02-1872,https://d3l76hx23vw40a.cloudfront.net/recipe/gy63-049_1.jpg,13.0,,4.0,
62,2491,楊桃,1,,豬肉味噌炒飯,https://www.ytower.com.tw/recipe/iframe-recipe.asp?seq=A02-1960,https://d3l76hx23vw40a.cloudfront.net/recipe/bk183-019b_1.jpg,10.0,,5.0,
63,2538,楊桃,0,,砂鍋魚頭(1),https://www.ytower.com.tw/recipe/iframe-recipe.asp?seq=B01-303,https://d3l76hx23vw40a.cloudfront.net/recipe/bk71-012_1.jpg,18.0,,3.0,
64,2671,楊桃,0,,客家燜筍,https://www.ytower.com.tw/recipe/iframe-recipe.asp?seq=F01-0925,https://d3l76hx23vw40a.cloudfront.net/recipe/bk164-041a_1.jpg,7.0,,3.0,
65,2693,楊桃,0,,南部粽(2),https://www.ytower.com.tw/recipe/iframe-recipe.asp?seq=G01-0992,https://d3l76hx23vw40a.cloudfront.net/recipe/whk048-021_1.jpg,16.0,,11.0,
66,2719,楊桃,1,,烤鹹豬肉,https://www.ytower.com.tw/recipe/iframe-recipe.asp?seq=A02-2240,https://d3l76hx23vw40a.cloudfront.net/recipe/yqn58-012c_1.jpg,5.0,,2.0,
67,2732,楊桃,1,,排骨湯麵,https://www.ytower.com.tw/recipe/iframe-recipe.asp?seq=A02-438,https://d3l76hx23vw40a.cloudfront.net/recipe/bk76-023d_1.jpg,14.0,,4.0,
68,2761,楊桃,0,,蘿蔔糕湯(1),https://www.ytower.com.tw/recipe/iframe-recipe.asp?seq=G01-591,https://d3l76hx23vw40a.cloudfront.net/recipe/hq21-020_1.jpg,12.0,,3.0,
69,2796,楊桃,3,,啤酒滷肉,https://www.ytower.com.tw/recipe/iframe-recipe.asp?seq=A02-1098,https://d3l76hx23vw40a.cloudfront.net/recipe/ck65-033_1.jpg,10.0,,3.0,
70,2812,楊桃,0,,番茄燒豆腐,https://www.ytower.com.tw/recipe/iframe-recipe.asp?seq=D01-070,https://d3l76hx23vw40a.cloudfront.net/recipe/whk30-119_1.jpg,9.0,,3.0,
71,2825,楊桃,0,,牛肉丸,https://www.ytower.com.tw/recipe/iframe-recipe.asp?seq=A01-172,https://d3l76hx23vw40a.cloudfront.net/recipe/bk66-032a_1.jpg,11.0,,4.0,
72,2827,楊桃,1,,京醬肉絲(5),https://www.ytower.com.tw/recipe/iframe-recipe.asp?seq=A02-1993,https://d3l76hx23vw40a.cloudfront.net/recipe/bk188-012_1.jpg,15.0,,5.0,
73,2860,楊桃,0,,青菜豆腐肉片湯,https://www.ytower.com.tw/recipe/iframe-recipe.asp?seq=D01-134,https://d3l76hx23vw40a.cloudfront.net/recipe/ck42-037a_1.jpg,11.0,,4.0,
74,2884,楊桃,0,,苦瓜肉絲炒蛋,https://www.ytower.com.tw/recipe/iframe-recipe.asp?seq=F04-0555,https://d3l76hx23vw40a.cloudfront.net/recipe/bk182-037_1.jpg,10.0,,3.0,
75,2912,楊桃,2,,醬燒鮮菇,https://www.ytower.com.tw/recipe/iframe-recipe.asp?seq=F06-0516,https://d3l76hx23vw40a.cloudfront.net/recipe/whk081-022b_1.jpg,11.0,,4.0,
76,2974,楊桃,1,,香菇玉米粥,https://www.ytower.com.tw/recipe/iframe-recipe.asp?seq=G01-422,https://d3l76hx23vw40a.cloudfront.net/recipe/bk56-019a_1.jpg,10.0,,3.0,
77,2980,楊桃,1,,酸辣湯(5),https://www.ytower.com.tw/recipe/iframe-recipe.asp?seq=A02-2303,https://d3l76hx23vw40a.cloudfront.net/recipe/yqn64-023b_1.jpg,22.0,,3.0,
78,3015,楊桃,0,,高麗菜粥(1),https://www.ytower.com.tw/recipe/iframe-recipe.asp?seq=F02-0688,https://d3l76hx23vw40a.cloudfront.net/recipe/yqn36-015b_1.jpg,13.0,,3.0,
79,3084,楊桃,0,,皮蛋瘦肉粥(4),https://www.ytower.com.tw/recipe/iframe-recipe.asp?seq=A02-2104,https://d3l76hx23vw40a.cloudfront.net/recipe/yqn36-019b_1.jpg,8.0,,3.0,
80,3177,楊桃,1,,黑胡椒肉片,https://www.ytower.com.tw/recipe/iframe-recipe.asp?seq=A02-312,https://d3l76hx23vw40a.cloudfront.net/recipe/whk29-039a_1.jpg,10.0,,2.0,
81,3204,楊桃,0,,豆醬蒸魚,https://www.ytower.com.tw/recipe/iframe-recipe.asp?seq=B01-0776,https://d3l76hx23vw40a.cloudfront.net/recipe/ck72-017_1.jpg,5.0,,6.0,
82,3235,楊桃,0,,鳳梨炒木耳(4),https://www.ytower.com.tw/recipe/iframe-recipe.asp?seq=F07-0641,https://d3l76hx23vw40a.cloudfront.net/recipe/yqn64-037_1.jpg,8.0,,3.0,
83,3238,楊桃,1,,熱炒西生菜,https://www.ytower.com.tw/recipe/iframe-recipe.asp?seq=F02-0741,https://d3l76hx23vw40a.cloudfront.net/recipe/m740_1.jpg,8.0,,3.0,
84,3279,楊桃,0,,蔥爆肉絲,https://www.ytower.com.tw/recipe/iframe-recipe.asp?seq=A02-2352,https://d3l76hx23vw40a.cloudfront.net/recipe/m159_1.jpg,9.0,,3.0,
85,3285,楊桃,29,,客家小炒(17),https://www.ytower.com.tw/recipe/iframe-recipe.asp?seq=A02-2154,https://d3l76hx23vw40a.cloudfront.net/recipe/yqn43-022_1.jpg,10.0,,3.0,
86,3290,楊桃,2,,竹筍炒肉絲(5),https://www.ytower.com.tw/recipe/iframe-recipe.asp?seq=F01-1450,https://d3l76hx23vw40a.cloudfront.net/recipe/whk067-108_1.jpg,9.0,,3.0,
87,3336,楊桃,0,,傳統廣州炒麵,https://www.ytower.com.tw/recipe/iframe-recipe.asp?seq=A02-701,https://d3l76hx23vw40a.cloudfront.net/recipe/ck36-008_1.jpg,14.0,,8.0,
88,3380,楊桃,0,,蔥燒豬肉,https://www.ytower.com.tw/recipe/iframe-recipe.asp?seq=A02-1285,https://d3l76hx23vw40a.cloudfront.net/recipe/yqn16-014_1.jpg,9.0,,4.0,
89,3387,楊桃,0,,腐皮鮮蝦捲,https://www.ytower.com.tw/recipe/iframe-recipe.asp?seq=B03-127,https://d3l76hx23vw40a.cloudfront.net/recipe/bk73-050_1.jpg,13.0,,4.0,
90,3398,楊桃,5,,香菇炒龍鬚菜,https://www.ytower.com.tw/recipe/iframe-recipe.asp?seq=F01-1464,https://d3l76hx23vw40a.cloudfront.net/recipe/whk072-013_1.jpg,10.0,,4.0,
91,3452,楊桃,0,,芋頭飯,https://www.ytower.com.tw/recipe/iframe-recipe.asp?seq=G01-185,https://d3l76hx23vw40a.cloudfront.net/recipe/whk14-115a_1.jpg,8.0,,3.0,
92,3518,楊桃,3,,肉絲炒冬粉(1),https://www.ytower.com.tw/recipe/iframe-recipe.asp?seq=A02-1534,https://d3l76hx23vw40a.cloudfront.net/recipe/yqn29-058a_1.jpg,15.0,,4.0,
93,3527,楊桃,2,,什錦蛋炒飯,https://www.ytower.com.tw/recipe/iframe-recipe.asp?seq=D01-0332,https://d3l76hx23vw40a.cloudfront.net/recipe/gy61-043_1.jpg,10.0,,5.0,
94,3548,楊桃,20,,滷排骨(1),https://www.ytower.com.tw/recipe/iframe-recipe.asp?seq=A02-2540,https://d3l76hx23vw40a.cloudfront.net/recipe/yqn072-014_1.jpg,16.0,,6.0,
95,3564,楊桃,10,,什錦羹,https://www.ytower.com.tw/recipe/iframe-recipe.asp?seq=B04-004,https://d3l76hx23vw40a.cloudfront.net/recipe/wbk07-re54_1.jpg,19.0,,6.0,
96,3584,楊桃,25,,韭黃炸春捲,https://www.ytower.com.tw/recipe/iframe-recipe.asp?seq=H01-503,https://d3l76hx23vw40a.cloudfront.net/recipe/bk73-044_1.jpg,18.0,,4.0,
97,3585,楊桃,0,,豆腐腦,https://www.ytower.com.tw/recipe/iframe-recipe.asp?seq=A02-1246,https://d3l76hx23vw40a.cloudfront.net/recipe/ck78-037_1.jpg,6.0,,3.0,
98,3616,楊桃,0,,竹筍炒肉絲(4),https://www.ytower.com.tw/recipe/iframe-recipe.asp?seq=A02-1994,https://d3l76hx23vw40a.cloudfront.net/recipe/bk188-013a_1.jpg,15.0,,5.0,
99,3648,楊桃,0,,京醬肉絲(7),https://www.ytower.com.tw/recipe/iframe-recipe.asp?seq=A02-2533,https://d3l76hx23vw40a.cloudfront.net/recipe/bk214-021a_1.jpg,12.0,,3.0,
100,3745,楊桃,1,,八珍豆腐煲,https://www.ytower.com.tw/recipe/iframe-recipe.asp?seq=A03-1853,https://d3l76hx23vw40a.cloudfront.net/recipe/whk059-109a_1.jpg,19.0,,4.0,
101,3756,楊桃,0,,酸菜肉絲乾拌麵,https://www.ytower.com.tw/recipe/iframe-recipe.asp?seq=A02-2628,https://d3l76hx23vw40a.cloudfront.net/recipe/yqn095-012_1.jpg,9.0,,4.0,
102,3781,楊桃,0,,雪菜肉絲(1),https://www.ytower.com.tw/recipe/iframe-recipe.asp?seq=F02-0524,https://d3l76hx23vw40a.cloudfront.net/recipe/gy34-037b_1.jpg,3.0,,2.0,
103,3786,楊桃,0,,地瓜燉肉,https://www.ytower.com.tw/recipe/iframe-recipe.asp?seq=A02-2571,https://d3l76hx23vw40a.cloudfront.net/recipe/yqn074-027_1.jpg,7.0,,3.0,
104,3794,楊桃,0,,芥菜葉辣炒肉絲,https://www.ytower.com.tw/recipe/iframe-recipe.asp?seq=F02-0942,https://d3l76hx23vw40a.cloudfront.net/recipe/whk077-015b_1.jpg,8.0,,2.0,
105,3914,楊桃,3,,打滷麵,https://www.ytower.com.tw/recipe/iframe-recipe.asp?seq=F02-0957,https://d3l76hx23vw40a.cloudfront.net/recipe/whk090-017a_1.jpg,13.0,,4.0,
106,4009,楊桃,0,,豬肉什錦麵,https://www.ytower.com.tw/recipe/iframe-recipe.asp?seq=A02-2077,https://d3l76hx23vw40a.cloudfront.net/recipe/bk192-042_1.jpg,13.0,,5.0,
107,4134,楊桃,0,,塔香豬肉捲,https://www.ytower.com.tw/recipe/iframe-recipe.asp?seq=A02-2344,https://d3l76hx23vw40a.cloudfront.net/recipe/bk195-030a_1.jpg,4.0,,4.0,
108,4135,楊桃,4,,電鍋佛跳牆,https://www.ytower.com.tw/recipe/iframe-recipe.asp?seq=A02-2393,https://d3l76hx23vw40a.cloudfront.net/recipe/m781_1.jpg,14.0,,4.0,
109,4158,楊桃,2,,家常豆腐(4),https://www.ytower.com.tw/recipe/iframe-recipe.asp?seq=D01-0380,https://d3l76hx23vw40a.cloudfront.net/recipe/yqn40-047b_1.jpg,11.0,,3.0,
110,4238,楊桃,0,,青椒肉絲燴飯,https://www.ytower.com.tw/recipe/iframe-recipe.asp?seq=A02-2840,https://d3l76hx23vw40a.cloudfront.net/recipe/whk062-059b_1.jpg,14.0,,3.0,
111,4260,楊桃,3,,金黃炸豬排,https://www.ytower.com.tw/recipe/iframe-recipe.asp?seq=A02-2764,https://d3l76hx23vw40a.cloudfront.net/recipe/whk057-010_1.jpg,8.0,,8.0,
112,4282,楊桃,0,,懷舊排骨菜飯便當,https://www.ytower.com.tw/recipe/iframe-recipe.asp?seq=A02-367,https://d3l76hx23vw40a.cloudfront.net/recipe/fk04-052_1.jpg,26.0,,7.0,
113,4337,楊桃,4,,台式鹹粥(1),https://www.ytower.com.tw/recipe/iframe-recipe.asp?seq=G01-429,https://d3l76hx23vw40a.cloudfront.net/recipe/bk56-023_1.jpg,14.0,,2.0,
114,4343,楊桃,0,,木須肉絲湯,https://www.ytower.com.tw/recipe/iframe-recipe.asp?seq=A02-1474,https://d3l76hx23vw40a.cloudfront.net/recipe/bk148-047b_1.jpg,7.0,,2.0,
115,4358,楊桃,0,,雞肉餛飩餡,https://www.ytower.com.tw/recipe/iframe-recipe.asp?seq=A03-436,https://d3l76hx23vw40a.cloudfront.net/recipe/hq14-021a_1.jpg,11.0,,7.0,
116,4408,楊桃,0,,木須肉絲,https://www.ytower.com.tw/recipe/iframe-recipe.asp?seq=A02-1995,https://d3l76hx23vw40a.cloudfront.net/recipe/bk188-013b_1.jpg,13.0,,4.0,
117,4472,楊桃,1,,泡菜炒飯(2),https://www.ytower.com.tw/recipe/iframe-recipe.asp?seq=F02-0392,https://d3l76hx23vw40a.cloudfront.net/recipe/ck77-028_1.jpg,7.0,,5.0,
118,4474,楊桃,0,,經典炸排骨(乾粉),https://www.ytower.com.tw/recipe/iframe-recipe.asp?seq=A02-2539,https://d3l76hx23vw40a.cloudfront.net/recipe/yqn072-012_1.jpg,11.0,,6.0,
119,4482,楊桃,0,,沙茶拌米粉,https://www.ytower.com.tw/recipe/iframe-recipe.asp?seq=G01-0936,https://d3l76hx23vw40a.cloudfront.net/recipe/yqn30-046a_1.jpg,12.0,,3.0,
120,4490,楊桃,0,,泡菜炒豆干,https://www.ytower.com.tw/recipe/iframe-recipe.asp?seq=E01-0085,https://d3l76hx23vw40a.cloudfront.net/recipe/bk129-037_1.jpg,9.0,,3.0,
121,4495,楊桃,0,,青蔥炒肉絲,https://www.ytower.com.tw/recipe/iframe-recipe.asp?seq=A02-1613,https://d3l76hx23vw40a.cloudfront.net/recipe/gy34-026c_1.jpg,6.0,,2.0,
122,4516,楊桃,0,,蟹殼黃(1),https://www.ytower.com.tw/recipe/iframe-recipe.asp?seq=A02-1719,https://d3l76hx23vw40a.cloudfront.net/recipe/gy41-072_1.jpg,7.0,,3.0,
123,4527,楊桃,1,,脆瓜肉片,https://www.ytower.com.tw/recipe/iframe-recipe.asp?seq=A02-2014,https://d3l76hx23vw40a.cloudfront.net/recipe/yqn31-033a_1.jpg,6.0,,2.0,
124,4528,楊桃,1,,紅燒皮蛋,https://www.ytower.com.tw/recipe/iframe-recipe.asp?seq=C01-0540,https://d3l76hx23vw40a.cloudfront.net/recipe/bk186-035_1.jpg,9.0,,4.0,
125,4530,楊桃,0,,紅麴炒肉片,https://www.ytower.com.tw/recipe/iframe-recipe.asp?seq=A02-1760,https://d3l76hx23vw40a.cloudfront.net/recipe/gy48-038b_1.jpg,10.0,,3.0,
126,4536,楊桃,1,,銀芽炒豆干,https://www.ytower.com.tw/recipe/iframe-recipe.asp?seq=E01-0086,https://d3l76hx23vw40a.cloudfront.net/recipe/bk129-039a_1.jpg,15.0,,4.0,
127,4556,楊桃,2,,酸菜炒肉片,https://www.ytower.com.tw/recipe/iframe-recipe.asp?seq=A02-1371,https://d3l76hx23vw40a.cloudfront.net/recipe/bk143-035a_1.jpg,9.0,,3.0,
128,4591,楊桃,1,,客家炒麵,https://www.ytower.com.tw/recipe/iframe-recipe.asp?seq=A02-1572,https://d3l76hx23vw40a.cloudfront.net/recipe/gy33-012b_1.jpg,16.0,,4.0,
129,4605,楊桃,0,,蚵仔粥,https://www.ytower.com.tw/recipe/iframe-recipe.asp?seq=G01-423,https://d3l76hx23vw40a.cloudfront.net/recipe/bk56-019b_1.jpg,13.0,,3.0,
130,4653,楊桃,0,,豬肉丸,https://www.ytower.com.tw/recipe/iframe-recipe.asp?seq=A02-328,https://d3l76hx23vw40a.cloudfront.net/recipe/bk66-034_1.jpg,11.0,,4.0,
131,4669,楊桃,0,,南瓜鍋,https://www.ytower.com.tw/recipe/iframe-recipe.asp?seq=F06-0209,https://d3l76hx23vw40a.cloudfront.net/recipe/gy12-098_1.jpg,7.0,,1.0,
132,4712,楊桃,2,,荷葉油飯,https://www.ytower.com.tw/recipe/iframe-recipe.asp?seq=G01-549,https://d3l76hx23vw40a.cloudfront.net/recipe/hq06-010_1.jpg,15.0,,9.0,
133,4761,楊桃,1,,香辣脆筍,https://www.ytower.com.tw/recipe/iframe-recipe.asp?seq=F01-369,https://d3l76hx23vw40a.cloudfront.net/recipe/bk96-040c_1.jpg,8.0,,4.0,
134,4776,楊桃,0,,荷葉豆腐,https://www.ytower.com.tw/recipe/iframe-recipe.asp?seq=D01-119,https://d3l76hx23vw40a.cloudfront.net/recipe/whk39-061_1.jpg,20.0,,5.0,
135,4792,楊桃,0,,餃皮炒麵,https://www.ytower.com.tw/recipe/iframe-recipe.asp?seq=A02-3051,https://d3l76hx23vw40a.cloudfront.net/recipe/whk078-015a_1.jpg,9.0,,3.0,
136,4871,楊桃,0,,豬肉餡餅(4),https://www.ytower.com.tw/recipe/iframe-recipe.asp?seq=A02-1704,https://d3l76hx23vw40a.cloudfront.net/recipe/gy41-024_1.jpg,2.0,,3.0,
137,4974,楊桃,8,,風城竹塹餅,https://www.ytower.com.tw/recipe/iframe-recipe.asp?seq=H01-300,https://d3l76hx23vw40a.cloudfront.net/recipe/whk21-062_1.jpg,17.0,,6.0,
138,4995,楊桃,0,,豆鼓炒辣椒,https://www.ytower.com.tw/recipe/iframe-recipe.asp?seq=A02-2534,https://d3l76hx23vw40a.cloudfront.net/recipe/bk214-032a_1.jpg,13.0,,4.0,
139,5121,楊桃,1,,雪菜炒百頁,https://www.ytower.com.tw/recipe/iframe-recipe.asp?seq=D01-066,https://d3l76hx23vw40a.cloudfront.net/recipe/whk30-115_1.jpg,9.0,,2.0,
140,5145,楊桃,0,,肉絲茄汁蛋炒飯,https://www.ytower.com.tw/recipe/iframe-recipe.asp?seq=A02-2171,https://d3l76hx23vw40a.cloudfront.net/recipe/yqn47-016a_1.jpg,7.0,,2.0,
141,5147,楊桃,0,,金瓜粉蒸肉片,https://www.ytower.com.tw/recipe/iframe-recipe.asp?seq=F04-0548,https://d3l76hx23vw40a.cloudfront.net/recipe/bk184-016a_1.jpg,12.0,,4.0,
142,5258,楊桃,1,,肉片粥(1),https://www.ytower.com.tw/recipe/iframe-recipe.asp?seq=A02-2085,https://d3l76hx23vw40a.cloudfront.net/recipe/yqn36-013a_1.jpg,9.0,,2.0,
143,5266,楊桃,1,,韓國炒碼麵,https://www.ytower.com.tw/recipe/iframe-recipe.asp?seq=A02-1623,https://d3l76hx23vw40a.cloudfront.net/recipe/gy33-045_1.jpg,17.0,,3.0,
144,5322,楊桃,1,,皮蛋瘦肉粥(2),https://www.ytower.com.tw/recipe/iframe-recipe.asp?seq=A02-2011,https://d3l76hx23vw40a.cloudfront.net/recipe/yqn36-019b_1.jpg,8.0,,3.0,
145,5369,楊桃,1,,魚丸,https://www.ytower.com.tw/recipe/iframe-recipe.asp?seq=B01-287,https://d3l76hx23vw40a.cloudfront.net/recipe/bk66-032c_1.jpg,9.0,,4.0,
146,5432,楊桃,1,,雞肉粽,https://www.ytower.com.tw/recipe/iframe-recipe.asp?seq=A03-1840,https://d3l76hx23vw40a.cloudfront.net/recipe/whk060-008a_1.jpg,16.0,,6.0,
147,5447,楊桃,0,,炸蝦捲(1),https://www.ytower.com.tw/recipe/iframe-recipe.asp?seq=B03-1040,https://d3l76hx23vw40a.cloudfront.net/recipe/whk078-098_1.jpg,15.0,,4.0,
148,5501,楊桃,0,,麻辣肉絲麵,https://www.ytower.com.tw/recipe/iframe-recipe.asp?seq=A02-2634,https://d3l76hx23vw40a.cloudfront.net/recipe/yqn095-029_1.jpg,11.0,,4.0,
149,5530,楊桃,0,,炒米粉,https://www.ytower.com.tw/recipe/iframe-recipe.asp?seq=G02-289,https://d3l76hx23vw40a.cloudfront.net/recipe/bk51-012b_1.jpg,10.0,,3.0,
150,5560,楊桃,0,,什錦炒飯,https://www.ytower.com.tw/recipe/iframe-recipe.asp?seq=G01-317,https://d3l76hx23vw40a.cloudfront.net/recipe/bk34-016a_1.jpg,11.0,,2.0,
151,5571,楊桃,1,,長豆粥,https://www.ytower.com.tw/recipe/iframe-recipe.asp?seq=F05-0557,https://d3l76hx23vw40a.cloudfront.net/recipe/whk050-014_1.jpg,10.0,,5.0,
152,5691,楊桃,0,,豆芽春捲,https://www.ytower.com.tw/recipe/iframe-recipe.asp?seq=F01-342,https://d3l76hx23vw40a.cloudfront.net/recipe/bk88-037_1.jpg,13.0,,4.0,
153,5706,楊桃,1,,酸菜白肉鍋(5),https://www.ytower.com.tw/recipe/iframe-recipe.asp?seq=A02-2616,https://d3l76hx23vw40a.cloudfront.net/recipe/yqn092-014_1.jpg,12.0,,3.0,
154,5707,楊桃,0,,青椒炒肉絲(3),https://www.ytower.com.tw/recipe/iframe-recipe.asp?seq=A02-1817,https://d3l76hx23vw40a.cloudfront.net/recipe/gy55-033a_1.jpg,12.0,,4.0,
155,5713,楊桃,0,,竹筍炒肉絲豆瓣,https://www.ytower.com.tw/recipe/iframe-recipe.asp?seq=F01-1008,https://d3l76hx23vw40a.cloudfront.net/recipe/gy54-066_1.jpg,9.0,,3.0,
156,5716,楊桃,0,,木耳炒肉絲,https://www.ytower.com.tw/recipe/iframe-recipe.asp?seq=A02-3503,https://d3l76hx23vw40a.cloudfront.net/recipe/whk096-095a_1.jpg,13.0,,3.0,
157,5740,楊桃,2,,荷葉蠔乾蒸飯,https://www.ytower.com.tw/recipe/iframe-recipe.asp?seq=B02-0194,https://d3l76hx23vw40a.cloudfront.net/recipe/bk115-038_1.jpg,16.0,,6.0,
158,5767,楊桃,0,,青椒炒肉絲(1),https://www.ytower.com.tw/recipe/iframe-recipe.asp?seq=A02-1488,https://d3l76hx23vw40a.cloudfront.net/recipe/gy20-016_1.jpg,12.0,,3.0,
159,5800,楊桃,0,,辣炒劍筍(2),https://www.ytower.com.tw/recipe/iframe-recipe.asp?seq=F01-0960,https://d3l76hx23vw40a.cloudfront.net/recipe/gy46-018b_1.jpg,13.0,,4.0,
160,5804,楊桃,0,,桂竹覆菜滷肉,https://www.ytower.com.tw/recipe/iframe-recipe.asp?seq=F01-0544,https://d3l76hx23vw40a.cloudfront.net/recipe/yqn04-030_1.jpg,7.0,,3.0,
161,5868,楊桃,0,,寧波年糕(2),https://www.ytower.com.tw/recipe/iframe-recipe.asp?seq=H01-199,https://d3l76hx23vw40a.cloudfront.net/recipe/maria-062_1.jpg,11.0,,6.0,
162,5885,楊桃,0,,湖洲粽,https://www.ytower.com.tw/recipe/iframe-recipe.asp?seq=G01-561,https://d3l76hx23vw40a.cloudfront.net/recipe/hq06-027a_1.jpg,8.0,,5.0,
163,5901,楊桃,0,,豬肉醬蒸飯,https://www.ytower.com.tw/recipe/iframe-recipe.asp?seq=A02-2313,https://d3l76hx23vw40a.cloudfront.net/recipe/yqn68-022b_1.jpg,10.0,,3.0,
164,5913,楊桃,0,,炒粿仔條,https://www.ytower.com.tw/recipe/iframe-recipe.asp?seq=G01-716,https://d3l76hx23vw40a.cloudfront.net/recipe/whk45-033a_1.jpg,10.0,,6.0,
165,5939,楊桃,0,,酸甜鳳梨豆腐,https://www.ytower.com.tw/recipe/iframe-recipe.asp?seq=D01-0178,https://d3l76hx23vw40a.cloudfront.net/recipe/bk129-014_1.jpg,15.0,,4.0,
166,5971,楊桃,4,,蒜味香腸,https://www.ytower.com.tw/recipe/iframe-recipe.asp?seq=A02-634,https://d3l76hx23vw40a.cloudfront.net/recipe/whk43-057_1.jpg,9.0,,9.0,
167,6029,楊桃,0,,蒜尾炒肉片,https://www.ytower.com.tw/recipe/iframe-recipe.asp?seq=A02-2275,https://d3l76hx23vw40a.cloudfront.net/recipe/yqn60-033b_1.jpg,11.0,,3.0,
168,6046,楊桃,0,,麻醬豆腐,https://www.ytower.com.tw/recipe/iframe-recipe.asp?seq=D01-058,https://d3l76hx23vw40a.cloudfront.net/recipe/whk30-106_1.jpg,13.0,,4.0,
169,6071,楊桃,1,,魚香茄子(4),https://www.ytower.com.tw/recipe/iframe-recipe.asp?seq=F04-106,https://d3l76hx23vw40a.cloudfront.net/recipe/bk56-043a_1.jpg,13.0,,4.0,
170,6079,楊桃,0,,茄汁燴肉片,https://www.ytower.com.tw/recipe/iframe-recipe.asp?seq=A02-1952,https://d3l76hx23vw40a.cloudfront.net/recipe/bk184-011_1.jpg,8.0,,4.0,
171,6082,楊桃,0,,辣香炸蛋,https://www.ytower.com.tw/recipe/iframe-recipe.asp?seq=C01-0685,https://d3l76hx23vw40a.cloudfront.net/recipe/bk203-038b_1.jpg,15.0,,3.0,
172,6154,楊桃,0,,客家炒米苔目(1),https://www.ytower.com.tw/recipe/iframe-recipe.asp?seq=F02-0579,https://d3l76hx23vw40a.cloudfront.net/recipe/gy51-071a_1.jpg,12.0,,4.0,
173,6256,楊桃,0,,肉醬燙萵苣,https://www.ytower.com.tw/recipe/iframe-recipe.asp?seq=F02-0617,https://d3l76hx23vw40a.cloudfront.net/recipe/gy70-035_1.jpg,7.0,,5.0,
174,6302,楊桃,0,,爆炒豬肉片,https://www.ytower.com.tw/recipe/iframe-recipe.asp?seq=A02-087,https://d3l76hx23vw40a.cloudfront.net/recipe/sauce-72b_1.jpg,6.0,,3.0,
175,6345,楊桃,0,,酸菜餡餅,https://www.ytower.com.tw/recipe/iframe-recipe.asp?seq=A02-1018,https://d3l76hx23vw40a.cloudfront.net/recipe/ck51-022_1.jpg,5.0,,4.0,
176,6371,楊桃,3,,五香炸肉排(1),https://www.ytower.com.tw/recipe/iframe-recipe.asp?seq=A02-2962,https://d3l76hx23vw40a.cloudfront.net/recipe/whk068-088_1.jpg,9.0,,3.0,
177,6396,楊桃,0,,番茄鍋(2),https://www.ytower.com.tw/recipe/iframe-recipe.asp?seq=F07-0991,https://d3l76hx23vw40a.cloudfront.net/recipe/whk093-039b_1.jpg,9.0,,5.0,
178,6470,楊桃,0,,醋汁鹹豬肉,https://www.ytower.com.tw/recipe/iframe-recipe.asp?seq=A02-1323,https://d3l76hx23vw40a.cloudfront.net/recipe/yqn17-018_1.jpg,7.0,,4.0,
179,6505,楊桃,0,,肉絲炆伊麵,https://www.ytower.com.tw/recipe/iframe-recipe.asp?seq=A02-1582,https://d3l76hx23vw40a.cloudfront.net/recipe/gy33-034a_1.jpg,16.0,,3.0,
180,6600,楊桃,0,,開陽白菜(14),https://www.ytower.com.tw/recipe/iframe-recipe.asp?seq=F02-0758,https://d3l76hx23vw40a.cloudfront.net/recipe/yqn084-021a_1.jpg,16.0,,5.0,
181,6628,楊桃,0,,四川酸辣麵,https://www.ytower.com.tw/recipe/iframe-recipe.asp?seq=G02-316,https://d3l76hx23vw40a.cloudfront.net/recipe/whk27-127_1.jpg,9.0,,4.0,
182,6640,楊桃,0,,蒜泥白肉(12),https://www.ytower.com.tw/recipe/iframe-recipe.asp?seq=A02-1948,https://d3l76hx23vw40a.cloudfront.net/recipe/bk184-008_1.jpg,7.0,,3.0,
183,6741,楊桃,0,,紅麴蒸魚(1),https://www.ytower.com.tw/recipe/iframe-recipe.asp?seq=B01-1165,https://d3l76hx23vw40a.cloudfront.net/recipe/bk181-018b_1.jpg,10.0,,3.0,
184,6760,楊桃,1,,椒鹽餃皮,https://www.ytower.com.tw/recipe/iframe-recipe.asp?seq=A02-3052,https://d3l76hx23vw40a.cloudfront.net/recipe/whk078-015b_1.jpg,4.0,,3.0,
185,6765,楊桃,0,,腐皮牛肉丸,https://www.ytower.com.tw/recipe/iframe-recipe.asp?seq=A01-183,https://d3l76hx23vw40a.cloudfront.net/recipe/bk73-019_1.jpg,12.0,,3.0,
186,6929,楊桃,0,,台式麻辣鍋,https://www.ytower.com.tw/recipe/iframe-recipe.asp?seq=A02-2623,https://d3l76hx23vw40a.cloudfront.net/recipe/yqn092-032_1.jpg,15.0,,3.0,
187,6952,楊桃,1,,潤膚鮮藕粥,https://www.ytower.com.tw/recipe/iframe-recipe.asp?seq=G01-443,https://d3l76hx23vw40a.cloudfront.net/recipe/bk56-037_1.jpg,8.0,,3.0,
188,6956,楊桃,0,,豆乾炒肉絲(1),https://www.ytower.com.tw/recipe/iframe-recipe.asp?seq=E01-0199,https://d3l76hx23vw40a.cloudfront.net/recipe/m1094_1.jpg,15.0,,4.0,
189,6994,楊桃,0,,蔬菜肉絲燴飯 ,https://www.ytower.com.tw/recipe/iframe-recipe.asp?seq=A02-2566,https://d3l76hx23vw40a.cloudfront.net/recipe/yqn076-035b_1.jpg,10.0,,4.0,
190,7020,楊桃,0,,泡麵大麵炒,https://www.ytower.com.tw/recipe/iframe-recipe.asp?seq=G02-082,https://d3l76hx23vw40a.cloudfront.net/recipe/noodle-140_1.jpg,11.0,,2.0,
191,7059,楊桃,0,,蒜苗沙茶炒肉片,https://www.ytower.com.tw/recipe/iframe-recipe.asp?seq=A02-735,https://d3l76hx23vw40a.cloudfront.net/recipe/bk99-023b_1.jpg,9.0,,5.0,
192,7069,楊桃,0,,辣醬秋葵,https://www.ytower.com.tw/recipe/iframe-recipe.asp?seq=F04-0849,https://d3l76hx23vw40a.cloudfront.net/recipe/whk083-108a_1.jpg,11.0,,5.0,
193,7086,楊桃,0,,雞肉粽(北部粽),https://www.ytower.com.tw/recipe/iframe-recipe.asp?seq=A03-1611,https://d3l76hx23vw40a.cloudfront.net/recipe/m353_1.jpg,14.0,,4.0,
194,7144,楊桃,1,,筒仔米糕(4),https://www.ytower.com.tw/recipe/iframe-recipe.asp?seq=A02-2985,https://d3l76hx23vw40a.cloudfront.net/recipe/whk071-028_1.jpg,15.0,,5.0,
195,7270,楊桃,0,,黃豆醬炒箭筍,https://www.ytower.com.tw/recipe/iframe-recipe.asp?seq=F01-0980,https://d3l76hx23vw40a.cloudfront.net/recipe/gy48-043a_1.jpg,11.0,,4.0,
196,7285,楊桃,0,,蔥油炒粄條,https://www.ytower.com.tw/recipe/iframe-recipe.asp?seq=G01-0887,https://d3l76hx23vw40a.cloudfront.net/recipe/gy51-073_1.jpg,10.0,,4.0,
197,7305,楊桃,0,,紅蟳八寶米糕,https://www.ytower.com.tw/recipe/iframe-recipe.asp?seq=G01-067,https://d3l76hx23vw40a.cloudfront.net/recipe/pm-re088_1.jpg,17.0,,4.0,
198,7339,楊桃,0,,肉絲炒箭筍,https://www.ytower.com.tw/recipe/iframe-recipe.asp?seq=F01-092,https://d3l76hx23vw40a.cloudfront.net/recipe/maria-060_1.jpg,9.0,,6.0,
199,7375,楊桃,14,,白木耳蘋果瘦肉粥,https://www.ytower.com.tw/recipe/iframe-recipe.asp?seq=G01-430,https://d3l76hx23vw40a.cloudfront.net/recipe/bk56-026_1.jpg,9.0,,2.0,
200,7400,楊桃,0,,京醬肉絲(6),https://www.ytower.com.tw/recipe/iframe-recipe.asp?seq=A02-2090,https://d3l76hx23vw40a.cloudfront.net/recipe/yqn40-021b_1.jpg,8.0,,4.0,
201,7480,楊桃,0,,彩椒炒肉絲,https://www.ytower.com.tw/recipe/iframe-recipe.asp?seq=A02-2583,https://d3l76hx23vw40a.cloudfront.net/recipe/yqn084-010_1.jpg,12.0,,4.0,
202,7533,楊桃,0,,豚肉大根鍋,https://www.ytower.com.tw/recipe/iframe-recipe.asp?seq=A02-1770,https://d3l76hx23vw40a.cloudfront.net/recipe/gy50-033_1.jpg,8.0,,3.0,
203,7565,楊桃,0,,海鮮炒麵(2),https://www.ytower.com.tw/recipe/iframe-recipe.asp?seq=B04-0305,https://d3l76hx23vw40a.cloudfront.net/recipe/gy31-015b_1.jpg,13.0,,3.0,
204,7631,楊桃,1,,威化芝麻蝦,https://www.ytower.com.tw/recipe/iframe-recipe.asp?seq=H01-506,https://d3l76hx23vw40a.cloudfront.net/recipe/bk73-048_1.jpg,14.0,,4.0,
205,7650,楊桃,0,,清蒸臭豆腐(2),https://www.ytower.com.tw/recipe/iframe-recipe.asp?seq=D01-0199,https://d3l76hx23vw40a.cloudfront.net/recipe/ck82-018_1.jpg,15.0,,5.0,
206,7694,楊桃,0,,泡菜炒麵,https://www.ytower.com.tw/recipe/iframe-recipe.asp?seq=G02-036,https://d3l76hx23vw40a.cloudfront.net/recipe/kimchi-1331_1.jpg,8.0,,3.0,
207,7741,楊桃,0,,泡菜炒肉片(7),https://www.ytower.com.tw/recipe/iframe-recipe.asp?seq=A02-2013,https://d3l76hx23vw40a.cloudfront.net/recipe/yqn31-032_1.jpg,5.0,,2.0,
208,7750,楊桃,1,,台式鹹粥(3),https://www.ytower.com.tw/recipe/iframe-recipe.asp?seq=G01-1031,https://d3l76hx23vw40a.cloudfront.net/recipe/whk069-039b_1.jpg,16.0,,5.0,
209,7771,楊桃,0,,照燒肉片三明治,https://www.ytower.com.tw/recipe/iframe-recipe.asp?seq=A02-2517,https://d3l76hx23vw40a.cloudfront.net/recipe/bk209-024_1.jpg,9.0,,4.0,
210,7807,楊桃,0,,蒜苗芹菜炒鹹肉,https://www.ytower.com.tw/recipe/iframe-recipe.asp?seq=A02-3220,https://d3l76hx23vw40a.cloudfront.net/recipe/whk082-085b_1.jpg,6.0,,3.0,
211,7885,楊桃,1,,什錦海鮮蓋飯,https://www.ytower.com.tw/recipe/iframe-recipe.asp?seq=B04-0299,https://d3l76hx23vw40a.cloudfront.net/recipe/bk158-013_1.jpg,16.0,,4.0,
212,7908,楊桃,0,,辣味肉醬,https://www.ytower.com.tw/recipe/iframe-recipe.asp?seq=A02-1492,https://d3l76hx23vw40a.cloudfront.net/recipe/gy28-024_1.jpg,8.0,,5.0,
213,7949,楊桃,0,,洋蔥豬肉燴飯,https://www.ytower.com.tw/recipe/iframe-recipe.asp?seq=A02-3332,https://d3l76hx23vw40a.cloudfront.net/recipe/whk090-099_1.jpg,15.0,,4.0,
214,7976,楊桃,5,,麻辣鴨血鍋,https://www.ytower.com.tw/recipe/iframe-recipe.asp?seq=A02-3209,https://d3l76hx23vw40a.cloudfront.net/recipe/whk093-099_1.jpg,10.0,,3.0,
215,8033,楊桃,0,,椒麻韭菜小卷,https://www.ytower.com.tw/recipe/iframe-recipe.asp?seq=B04-0436,https://d3l76hx23vw40a.cloudfront.net/recipe/yqn43-028_1.jpg,10.0,,3.0,
216,8044,楊桃,5,,青紅木瓜肉片湯,https://www.ytower.com.tw/recipe/iframe-recipe.asp?seq=F07-181,https://d3l76hx23vw40a.cloudfront.net/recipe/whk40-049a_1.jpg,9.0,,3.0,
217,8063,楊桃,0,,彰化肉圓(2),https://www.ytower.com.tw/recipe/iframe-recipe.asp?seq=A02-3017,https://d3l76hx23vw40a.cloudfront.net/recipe/whk074-065_1.jpg,13.0,,6.0,
218,8107,楊桃,0,,用調理機 做牛肉丸,https://www.ytower.com.tw/recipe/iframe-recipe.asp?seq=A01-0914,https://d3l76hx23vw40a.cloudfront.net/recipe/m721_1.jpg,11.0,,6.0,
219,8114,楊桃,0,,韭黃牛肉餛飩餡,https://www.ytower.com.tw/recipe/iframe-recipe.asp?seq=A01-289,https://d3l76hx23vw40a.cloudfront.net/recipe/hq14-020_1.jpg,12.0,,5.0,
220,8186,楊桃,0,,豆花泡菜鍋,https://www.ytower.com.tw/recipe/iframe-recipe.asp?seq=F02-0342,https://d3l76hx23vw40a.cloudfront.net/recipe/ck66-034_1.jpg,12.0,,3.0,
221,8221,楊桃,3,,京醬肉絲(11),https://www.ytower.com.tw/recipe/iframe-recipe.asp?seq=A02-3090,https://d3l76hx23vw40a.cloudfront.net/recipe/whk078-087a_1.jpg,8.0,,3.0,
222,8226,楊桃,0,,什錦炒麵,https://www.ytower.com.tw/recipe/iframe-recipe.asp?seq=G02-101,https://d3l76hx23vw40a.cloudfront.net/recipe/maria-064_1.jpg,12.0,,7.0,
223,8230,楊桃,0,,竹筍炒肉絲(2),https://www.ytower.com.tw/recipe/iframe-recipe.asp?seq=F01-0859,https://d3l76hx23vw40a.cloudfront.net/recipe/yqn29-036c_1.jpg,9.0,,2.0,
224,8258,楊桃,0,,清蒸臭豆腐(3),https://www.ytower.com.tw/recipe/iframe-recipe.asp?seq=D01-0200,https://d3l76hx23vw40a.cloudfront.net/recipe/ck82-019_1.jpg,14.0,,2.0,
225,8270,楊桃,1,,辣味芝麻雲白肉,https://www.ytower.com.tw/recipe/iframe-recipe.asp?seq=A02-2017,https://d3l76hx23vw40a.cloudfront.net/recipe/yqn31-034_1.jpg,3.0,,2.0,
226,8285,楊桃,0,,什錦海鮮燴飯 ,https://www.ytower.com.tw/recipe/iframe-recipe.asp?seq=B01-1955,https://d3l76hx23vw40a.cloudfront.net/recipe/whk114-046a_1.jpg,21.0,,5.0,
227,8295,楊桃,0,,蒜炒鹹豬肉,https://www.ytower.com.tw/recipe/iframe-recipe.asp?seq=A02-258,https://d3l76hx23vw40a.cloudfront.net/recipe/whk27-031b_1.jpg,5.0,,6.0,
228,8330,楊桃,0,,美奶滋炒飯,https://www.ytower.com.tw/recipe/iframe-recipe.asp?seq=A02-1980,https://d3l76hx23vw40a.cloudfront.net/recipe/bk183-027b_1.jpg,9.0,,3.0,
229,8375,楊桃,1,,櫻花蝦蔥油飯,https://www.ytower.com.tw/recipe/iframe-recipe.asp?seq=B03-0899,https://d3l76hx23vw40a.cloudfront.net/recipe/aa022-138a_1.jpg,12.0,,5.0,
230,8445,楊桃,1,,油蔥酥炒米粉,https://www.ytower.com.tw/recipe/iframe-recipe.asp?seq=G01-1074,https://d3l76hx23vw40a.cloudfront.net/recipe/whk078-020b_1.jpg,15.0,,4.0,
231,8508,楊桃,2,,金針花炒肉絲(1),https://www.ytower.com.tw/recipe/iframe-recipe.asp?seq=F03-0138,https://d3l76hx23vw40a.cloudfront.net/recipe/whk067-106_1.jpg,8.0,,3.0,
232,8593,楊桃,2,,豆醬炒桂竹筍,https://www.ytower.com.tw/recipe/iframe-recipe.asp?seq=F01-1520,https://d3l76hx23vw40a.cloudfront.net/recipe/whk079-028b_1.jpg,8.0,,3.0,
233,8629,楊桃,0,,炸豬油與古早味豬油拌飯,https://www.ytower.com.tw/recipe/iframe-recipe.asp?seq=A02-2396,https://d3l76hx23vw40a.cloudfront.net/recipe/m850_1.jpg,5.0,,3.0,
234,8672,楊桃,0,,甘蔗蝦(1),https://www.ytower.com.tw/recipe/iframe-recipe.asp?seq=B03-129,https://d3l76hx23vw40a.cloudfront.net/recipe/bk73-061_1.jpg,11.0,,4.0,
235,8677,楊桃,0,,芝麻地瓜燒梅肉,https://www.ytower.com.tw/recipe/iframe-recipe.asp?seq=A02-1312,https://d3l76hx23vw40a.cloudfront.net/recipe/bk140-042b_1.jpg,7.0,,3.0,
236,8713,楊桃,0,,京醬肉絲捲,https://www.ytower.com.tw/recipe/iframe-recipe.asp?seq=A02-1743,https://d3l76hx23vw40a.cloudfront.net/recipe/gy44-055_1.jpg,8.0,,3.0,
237,8742,楊桃,0,,碧玉金針(1),https://www.ytower.com.tw/recipe/iframe-recipe.asp?seq=F03-0098,https://d3l76hx23vw40a.cloudfront.net/recipe/gy63-054a_1.jpg,10.0,,4.0,
238,8791,楊桃,0,,百合蓮子粥,https://www.ytower.com.tw/recipe/iframe-recipe.asp?seq=F05-0672,https://d3l76hx23vw40a.cloudfront.net/recipe/whk081-015a_1.jpg,7.0,,5.0,
239,8830,楊桃,0,,肉絲炒冬粉,https://www.ytower.com.tw/recipe/iframe-recipe.asp?seq=A02-1358,https://d3l76hx23vw40a.cloudfront.net/recipe/00_1.jpg,17.0,,4.0,
240,8844,楊桃,4,,蒜香青花菜,https://www.ytower.com.tw/recipe/iframe-recipe.asp?seq=F03-0135,https://d3l76hx23vw40a.cloudfront.net/recipe/whk067-097b_1.jpg,8.0,,4.0,
241,8878,楊桃,17,,咖啡水餃,https://www.ytower.com.tw/recipe/iframe-recipe.asp?seq=A02-2791,https://d3l76hx23vw40a.cloudfront.net/recipe/whk058-053a_1.jpg,11.0,,5.0,
242,8879,楊桃,1,,香煎燒肉卷,https://www.ytower.com.tw/recipe/iframe-recipe.asp?seq=A02-2001,https://d3l76hx23vw40a.cloudfront.net/recipe/yqn35-012b_1.jpg,10.0,,3.0,
243,8969,楊桃,0,,肉乾泡麵,https://www.ytower.com.tw/recipe/iframe-recipe.asp?seq=G02-077,https://d3l76hx23vw40a.cloudfront.net/recipe/noodle-130_1.jpg,7.0,,1.0,
244,8996,楊桃,1,,洋蔥肉絲湯,https://www.ytower.com.tw/recipe/iframe-recipe.asp?seq=F01-1497,https://d3l76hx23vw40a.cloudfront.net/recipe/whk078-042b_1.jpg,7.0,,3.0,
245,9023,楊桃,2,,金針肉卷,https://www.ytower.com.tw/recipe/iframe-recipe.asp?seq=A02-112,https://d3l76hx23vw40a.cloudfront.net/recipe/dry-036_1.jpg,8.0,,5.0,
246,9032,楊桃,0,,洋芋咖哩豆干,https://www.ytower.com.tw/recipe/iframe-recipe.asp?seq=E01-0084,https://d3l76hx23vw40a.cloudfront.net/recipe/bk129-036_1.jpg,14.0,,5.0,
247,9036,楊桃,0,,優格豬肉燴飯,https://www.ytower.com.tw/recipe/iframe-recipe.asp?seq=A02-162,https://d3l76hx23vw40a.cloudfront.net/recipe/bk26-033_1.jpg,13.0,,5.0,
248,9189,楊桃,0,,京醬肉絲(10),https://www.ytower.com.tw/recipe/iframe-recipe.asp?seq=A02-2878,https://d3l76hx23vw40a.cloudfront.net/recipe/whk061-104b_1.jpg,16.0,,5.0,
249,9211,楊桃,0,,蔥爆肉片(2),https://www.ytower.com.tw/recipe/iframe-recipe.asp?seq=A02-2189,https://d3l76hx23vw40a.cloudfront.net/recipe/yqn49-007_1.jpg,5.0,,3.0,
250,9282,楊桃,0,,炸蛋肉片,https://www.ytower.com.tw/recipe/iframe-recipe.asp?seq=A02-1965,https://d3l76hx23vw40a.cloudfront.net/recipe/bk186-017_1.jpg,14.0,,5.0,
251,9355,楊桃,0,,黃金南瓜鍋,https://www.ytower.com.tw/recipe/iframe-recipe.asp?seq=F04-0662,https://d3l76hx23vw40a.cloudfront.net/recipe/yqn092-034b_1.jpg,13.0,,4.0,
252,9458,楊桃,0,,迷迭香肉串,https://www.ytower.com.tw/recipe/iframe-recipe.asp?seq=A02-2020,https://d3l76hx23vw40a.cloudfront.net/recipe/yqn31-041b_1.jpg,8.0,,3.0,
253,9484,楊桃,0,,魚香肉絲(3),https://www.ytower.com.tw/recipe/iframe-recipe.asp?seq=A02-2877,https://d3l76hx23vw40a.cloudfront.net/recipe/whk061-104a_1.jpg,18.0,,4.0,
254,9516,楊桃,0,,滑蛋蝦仁燴飯(3),https://www.ytower.com.tw/recipe/iframe-recipe.asp?seq=B03-0648,https://d3l76hx23vw40a.cloudfront.net/recipe/gy61-041_1.jpg,12.0,,6.0,
255,9587,楊桃,0,,蔥燒豬肉(1),https://www.ytower.com.tw/recipe/iframe-recipe.asp?seq=A02-1287,https://d3l76hx23vw40a.cloudfront.net/recipe/yqn16-014_1.jpg,9.0,,4.0,
256,9596,楊桃,0,,鴻圖蝦多士,https://www.ytower.com.tw/recipe/iframe-recipe.asp?seq=H01-507,https://d3l76hx23vw40a.cloudfront.net/recipe/bk73-049_1.jpg,13.0,,4.0,
257,9662,楊桃,0,,上海粗炒麵,https://www.ytower.com.tw/recipe/iframe-recipe.asp?seq=A02-706,https://d3l76hx23vw40a.cloudfront.net/recipe/ck36-026_1.jpg,13.0,,6.0,
258,9724,楊桃,0,,八寶辣醬(3),https://www.ytower.com.tw/recipe/iframe-recipe.asp?seq=A03-2148,https://d3l76hx23vw40a.cloudfront.net/recipe/whk089-008_1.jpg,16.0,,4.0,
259,9756,楊桃,0,,雪菜肉絲炆米粉,https://www.ytower.com.tw/recipe/iframe-recipe.asp?seq=G01-0779,https://d3l76hx23vw40a.cloudfront.net/recipe/yt13-044_1.jpg,12.0,,2.0,
260,9766,楊桃,0,,肉片粥,https://www.ytower.com.tw/recipe/iframe-recipe.asp?seq=A02-2007,https://d3l76hx23vw40a.cloudfront.net/recipe/yqn36-013a_1.jpg,9.0,,2.0,
261,9821,楊桃,0,,高麗菜木耳粥,https://www.ytower.com.tw/recipe/iframe-recipe.asp?seq=F02-0940,https://d3l76hx23vw40a.cloudfront.net/recipe/whk094-081b_1.jpg,15.0,,6.0,
262,9849,楊桃,0,,香菇丸子,https://www.ytower.com.tw/recipe/iframe-recipe.asp?seq=F06-0256,https://d3l76hx23vw40a.cloudfront.net/recipe/bk169-029_1.jpg,5.0,,5.0,
263,9889,楊桃,3,,油蔥油飯,https://www.ytower.com.tw/recipe/iframe-recipe.asp?seq=G01-1071,https://d3l76hx23vw40a.cloudfront.net/recipe/whk078-017_1.jpg,14.0,,4.0,
264,9951,楊桃,0,,苗栗肉圓,https://www.ytower.com.tw/recipe/iframe-recipe.asp?seq=A02-3020,https://d3l76hx23vw40a.cloudfront.net/recipe/whk074-067b_1.jpg,14.0,,5.0,
265,9998,楊桃,1,,開陽白菜(13),https://www.ytower.com.tw/recipe/iframe-recipe.asp?seq=F02-0656,https://d3l76hx23vw40a.cloudfront.net/recipe/bk182-033_1.jpg,17.0,,4.0,
266,10015,楊桃,0,,菱角肉片粥,https://www.ytower.com.tw/recipe/iframe-recipe.asp?seq=A02-2019,https://d3l76hx23vw40a.cloudfront.net/recipe/yqn36-022b_1.jpg,10.0,,4.0,
267,10018,楊桃,0,,肉丸子燴豆腐丁,https://www.ytower.com.tw/recipe/iframe-recipe.asp?seq=A03-1198,https://d3l76hx23vw40a.cloudfront.net/recipe/bk169-022_1.jpg,13.0,,3.0,
268,10089,楊桃,0,,中東25頭鮑魚,https://www.ytower.com.tw/recipe/iframe-recipe.asp?seq=B02-0155,https://d3l76hx23vw40a.cloudfront.net/recipe/yt13-016_1.jpg,6.0,,3.0,
269,10174,楊桃,0,,肉乾什錦菇飯,https://www.ytower.com.tw/recipe/iframe-recipe.asp?seq=F06-0238,https://d3l76hx23vw40a.cloudfront.net/recipe/gy35-034_1.jpg,9.0,,3.0,
270,10210,楊桃,0,,薏仁美白粥,https://www.ytower.com.tw/recipe/iframe-recipe.asp?seq=G01-432,https://d3l76hx23vw40a.cloudfront.net/recipe/bk56-028_1.jpg,7.0,,2.0,
271,10224,楊桃,0,,咖哩沙茶烤肉片,https://www.ytower.com.tw/recipe/iframe-recipe.asp?seq=A02-2039,https://d3l76hx23vw40a.cloudfront.net/recipe/yqn30-024_1.jpg,7.0,,4.0,
272,10244,楊桃,0,,三鮮鍋巴,https://www.ytower.com.tw/recipe/iframe-recipe.asp?seq=B03-0597,https://d3l76hx23vw40a.cloudfront.net/recipe/gy43-026_1.jpg,13.0,,4.0,
273,10359,楊桃,0,,福菜肉片湯(1),https://www.ytower.com.tw/recipe/iframe-recipe.asp?seq=A02-2042,https://d3l76hx23vw40a.cloudfront.net/recipe/yqn33-049_1.jpg,7.0,,2.0,
274,10405,楊桃,0,,京醬肉絲蓋飯,https://www.ytower.com.tw/recipe/iframe-recipe.asp?seq=A02-1553,https://d3l76hx23vw40a.cloudfront.net/recipe/bk158-024a_1.jpg,13.0,,3.0,
275,10419,楊桃,0,,鮪魚餛飩餡,https://www.ytower.com.tw/recipe/iframe-recipe.asp?seq=B01-408,https://d3l76hx23vw40a.cloudfront.net/recipe/hq14-024_1.jpg,11.0,,5.0,
276,10432,楊桃,0,,麻香豆腐,https://www.ytower.com.tw/recipe/iframe-recipe.asp?seq=D01-048,https://d3l76hx23vw40a.cloudfront.net/recipe/bk56-041b_1.jpg,13.0,,2.0,
277,10452,楊桃,0,,麻婆豆腐燴飯(2),https://www.ytower.com.tw/recipe/iframe-recipe.asp?seq=D01-0483,https://d3l76hx23vw40a.cloudfront.net/recipe/whk074-009_1.jpg,12.0,,5.0,
278,10524,楊桃,1,,蔥爆肉絲(1),https://www.ytower.com.tw/recipe/iframe-recipe.asp?seq=A02-3091,https://d3l76hx23vw40a.cloudfront.net/recipe/whk078-087b_1.jpg,13.0,,3.0,
279,10528,楊桃,0,,炒清江菜,https://www.ytower.com.tw/recipe/iframe-recipe.asp?seq=F02-0371,https://d3l76hx23vw40a.cloudfront.net/recipe/bk128-030b_1.jpg,7.0,,2.0,
280,10598,楊桃,0,,韭黃肉絲炒冷麵,https://www.ytower.com.tw/recipe/iframe-recipe.asp?seq=A02-1615,https://d3l76hx23vw40a.cloudfront.net/recipe/gy33-043b_1.jpg,13.0,,3.0,
281,10602,楊桃,0,,肉燥淋麵,https://www.ytower.com.tw/recipe/iframe-recipe.asp?seq=A02-2645,https://d3l76hx23vw40a.cloudfront.net/recipe/aa001-018_1.jpg,10.0,,3.0,
282,10623,楊桃,1,,開陽白菜(17),https://www.ytower.com.tw/recipe/iframe-recipe.asp?seq=F02-0938,https://d3l76hx23vw40a.cloudfront.net/recipe/whk094-071a_1.jpg,11.0,,3.0,
283,10707,楊桃,0,,炸滷豬排,https://www.ytower.com.tw/recipe/iframe-recipe.asp?seq=A02-2961,https://d3l76hx23vw40a.cloudfront.net/recipe/whk068-087_1.jpg,16.0,,5.0,
284,10719,楊桃,0,,三鮮鍋巴(2),https://www.ytower.com.tw/recipe/iframe-recipe.asp?seq=B04-0622,https://d3l76hx23vw40a.cloudfront.net/recipe/whk086-058a_1.jpg,15.0,,4.0,
285,10792,楊桃,0,,香菜羊肉餛飩餡,https://www.ytower.com.tw/recipe/iframe-recipe.asp?seq=A04-045,https://d3l76hx23vw40a.cloudfront.net/recipe/hq14-021b_1.jpg,13.0,,6.0,
286,10838,楊桃,0,,仙草筍片肉絲湯,https://www.ytower.com.tw/recipe/iframe-recipe.asp?seq=A02-2669,https://d3l76hx23vw40a.cloudfront.net/recipe/aa034-017a_1.jpg,9.0,,4.0,
287,10913,楊桃,0,,糖蒜炒豆干,https://www.ytower.com.tw/recipe/iframe-recipe.asp?seq=F04-036,https://d3l76hx23vw40a.cloudfront.net/recipe/kimchi-1341_1.jpg,7.0,,3.0,
288,10953,楊桃,1,,Q鮮美味的珍珠丸,https://www.ytower.com.tw/recipe/iframe-recipe.asp?seq=A02-2353,https://d3l76hx23vw40a.cloudfront.net/recipe/m192_1.jpg,10.0,,2.0,
289,11050,楊桃,0,,回鍋肉(6),https://www.ytower.com.tw/recipe/iframe-recipe.asp?seq=A02-1761,https://d3l76hx23vw40a.cloudfront.net/recipe/gy48-038c_1.jpg,9.0,,3.0,
290,11077,楊桃,0,,什錦炒飯(1),https://www.ytower.com.tw/recipe/iframe-recipe.asp?seq=A02-510,https://d3l76hx23vw40a.cloudfront.net/recipe/hq17-027a_1.jpg,12.0,,4.0,
291,11089,楊桃,0,,鹹蛋肉片湯,https://www.ytower.com.tw/recipe/iframe-recipe.asp?seq=C01-0425,https://d3l76hx23vw40a.cloudfront.net/recipe/gy18-085b_1.jpg,9.0,,2.0,
292,11098,楊桃,0,,串燒便當,https://www.ytower.com.tw/recipe/iframe-recipe.asp?seq=A02-123,https://d3l76hx23vw40a.cloudfront.net/recipe/box-069_1.jpg,16.0,,4.0,
293,11138,楊桃,0,,日式燒肉壽司卷,https://www.ytower.com.tw/recipe/iframe-recipe.asp?seq=A02-562,https://d3l76hx23vw40a.cloudfront.net/recipe/whk37-100_1.jpg,13.0,,5.0,
294,11201,楊桃,0,,魚香肉絲拌麵,https://www.ytower.com.tw/recipe/iframe-recipe.asp?seq=A02-1708,https://d3l76hx23vw40a.cloudfront.net/recipe/bk171-037_1.jpg,13.0,,3.0,
295,11219,楊桃,0,,梅汁酸甜肉,https://www.ytower.com.tw/recipe/iframe-recipe.asp?seq=A02-2386,https://d3l76hx23vw40a.cloudfront.net/recipe/m677_1.jpg,9.0,,3.0,
296,11224,楊桃,0,,八寶辣肉醬,https://www.ytower.com.tw/recipe/iframe-recipe.asp?seq=A02-621,https://d3l76hx23vw40a.cloudfront.net/recipe/bk92-031_1.jpg,20.0,,6.0,
297,11262,楊桃,0,,筍香燴三絲,https://www.ytower.com.tw/recipe/iframe-recipe.asp?seq=F01-1575,https://d3l76hx23vw40a.cloudfront.net/recipe/whk087-062c_1.jpg,10.0,,4.0,
298,11364,楊桃,0,,腐乳淋肉片飯,https://www.ytower.com.tw/recipe/iframe-recipe.asp?seq=A02-2054,https://d3l76hx23vw40a.cloudfront.net/recipe/bk192-015_1.jpg,14.0,,5.0,
299,11371,楊桃,0,,鹹蛋炒飯(1),https://www.ytower.com.tw/recipe/iframe-recipe.asp?seq=A02-2946,https://d3l76hx23vw40a.cloudfront.net/recipe/whk069-046a_1.jpg,10.0,,3.0,
300,11378,楊桃,0,,紅麴肉片,https://www.ytower.com.tw/recipe/iframe-recipe.asp?seq=A02-1956,https://d3l76hx23vw40a.cloudfront.net/recipe/bk184-013a_1.jpg,9.0,,4.0,
301,11387,楊桃,0,,煮蘿蔔糕,https://www.ytower.com.tw/recipe/iframe-recipe.asp?seq=G01-241,https://d3l76hx23vw40a.cloudfront.net/recipe/whk21-127_1.jpg,11.0,,3.0,
302,11421,楊桃,0,,山椒豬肉串,https://www.ytower.com.tw/recipe/iframe-recipe.asp?seq=A02-072,https://d3l76hx23vw40a.cloudfront.net/recipe/meat-047_1.jpg,9.0,,3.0,
303,11449,楊桃,0,,雪菜肉絲飯,https://www.ytower.com.tw/recipe/iframe-recipe.asp?seq=A02-1599,https://d3l76hx23vw40a.cloudfront.net/recipe/gy35-026_1.jpg,7.0,,3.0,
304,11463,楊桃,0,,薑汁豆芽燒肉,https://www.ytower.com.tw/recipe/iframe-recipe.asp?seq=A02-1305,https://d3l76hx23vw40a.cloudfront.net/recipe/bk140-013_1.jpg,9.0,,4.0,
305,11477,楊桃,1,,蘿蔔燒肉(1),https://www.ytower.com.tw/recipe/iframe-recipe.asp?seq=A02-1470,https://d3l76hx23vw40a.cloudfront.net/recipe/bk148-038c_1.jpg,6.0,,3.0,
306,11506,楊桃,0,,豉椒肉片麵,https://www.ytower.com.tw/recipe/iframe-recipe.asp?seq=A02-1593,https://d3l76hx23vw40a.cloudfront.net/recipe/gy33-038b_1.jpg,19.0,,4.0,
307,11600,楊桃,0,,梅干燒肉(1),https://www.ytower.com.tw/recipe/iframe-recipe.asp?seq=A02-1950,https://d3l76hx23vw40a.cloudfront.net/recipe/bk184-010a_1.jpg,8.0,,4.0,
308,11601,楊桃,1,,腐皮蝦捲,https://www.ytower.com.tw/recipe/iframe-recipe.asp?seq=B03-0986,https://d3l76hx23vw40a.cloudfront.net/recipe/whk068-094_1.jpg,12.0,,4.0,
309,11625,楊桃,0,,家常燒豆腐,https://www.ytower.com.tw/recipe/iframe-recipe.asp?seq=D01-068,https://d3l76hx23vw40a.cloudfront.net/recipe/whk30-117_1.jpg,7.0,,2.0,
310,11683,楊桃,0,,蔥爆京醬肉絲飯,https://www.ytower.com.tw/recipe/iframe-recipe.asp?seq=A02-3005,https://d3l76hx23vw40a.cloudfront.net/recipe/whk075-054_1.jpg,16.0,,3.0,
311,11705,楊桃,0,,沙拉海鮮卷,https://www.ytower.com.tw/recipe/iframe-recipe.asp?seq=B03-005,https://d3l76hx23vw40a.cloudfront.net/recipe/wbk07-re20_1.jpg,11.0,,7.0,
312,11735,楊桃,0,,鮑魚灌湯包,https://www.ytower.com.tw/recipe/iframe-recipe.asp?seq=H01-276,https://d3l76hx23vw40a.cloudfront.net/recipe/sogo-099a_1.jpg,16.0,,3.0,
313,11787,楊桃,0,,紅麴滷肉(1),https://www.ytower.com.tw/recipe/iframe-recipe.asp?seq=A02-2422,https://d3l76hx23vw40a.cloudfront.net/recipe/00_1.jpg,8.0,,2.0,
314,11806,楊桃,0,,豆干夾肉燒,https://www.ytower.com.tw/recipe/iframe-recipe.asp?seq=A02-100,https://d3l76hx23vw40a.cloudfront.net/recipe/meat-061_1.jpg,7.0,,3.0,
315,11960,楊桃,0,,覆菜鹹肉飯,https://www.ytower.com.tw/recipe/iframe-recipe.asp?seq=A02-1648,https://d3l76hx23vw40a.cloudfront.net/recipe/gy35-049_1.jpg,7.0,,3.0,
316,12020,楊桃,0,,沙律鮮蝦捲,https://www.ytower.com.tw/recipe/iframe-recipe.asp?seq=B03-128,https://d3l76hx23vw40a.cloudfront.net/recipe/bk73-054_1.jpg,14.0,,4.0,
317,12029,楊桃,0,,佛羅倫斯焗烤豬排,https://www.ytower.com.tw/recipe/iframe-recipe.asp?seq=A02-2862,https://d3l76hx23vw40a.cloudfront.net/recipe/whk062-105b_1.jpg,4.0,,3.0,
318,12067,楊桃,0,,油飯(4),https://www.ytower.com.tw/recipe/iframe-recipe.asp?seq=G01-221,https://d3l76hx23vw40a.cloudfront.net/recipe/maria-040_1.jpg,13.0,,7.0,
319,12094,楊桃,0,,芋燒肉片,https://www.ytower.com.tw/recipe/iframe-recipe.asp?seq=F01-1077,https://d3l76hx23vw40a.cloudfront.net/recipe/bk184-012a_1.jpg,12.0,,5.0,
320,12112,楊桃,0,,酒香台式蒸魚,https://www.ytower.com.tw/recipe/iframe-recipe.asp?seq=B01-1698,https://d3l76hx23vw40a.cloudfront.net/recipe/whk081-076_1.jpg,13.0,,4.0,
321,12144,楊桃,0,,炒米粉便當,https://www.ytower.com.tw/recipe/iframe-recipe.asp?seq=G01-174,https://d3l76hx23vw40a.cloudfront.net/recipe/box-112_1.jpg,21.0,,3.0,
322,12146,楊桃,0,,榨菜肉絲(1),https://www.ytower.com.tw/recipe/iframe-recipe.asp?seq=A02-1229,https://d3l76hx23vw40a.cloudfront.net/recipe/yqn13-039_1.jpg,12.0,,3.0,
323,12197,楊桃,0,,糖醋丸子(2),https://www.ytower.com.tw/recipe/iframe-recipe.asp?seq=A02-1686,https://d3l76hx23vw40a.cloudfront.net/recipe/bk169-016_1.jpg,10.0,,4.0,
324,12283,楊桃,0,,白菜肉羹丸子鍋,https://www.ytower.com.tw/recipe/iframe-recipe.asp?seq=A02-2778,https://d3l76hx23vw40a.cloudfront.net/recipe/whk058-008_1.jpg,19.0,,6.0,
325,12386,楊桃,0,,川味涼麵,https://www.ytower.com.tw/recipe/iframe-recipe.asp?seq=G02-121,https://d3l76hx23vw40a.cloudfront.net/recipe/whk18-128_1.jpg,11.0,,3.0,
326,12442,楊桃,0,,榨菜肉絲飯糰,https://www.ytower.com.tw/recipe/iframe-recipe.asp?seq=G01-0751,https://d3l76hx23vw40a.cloudfront.net/recipe/ck46-030_1.jpg,13.0,,4.0,
327,12488,楊桃,0,,廣州炒麵,https://www.ytower.com.tw/recipe/iframe-recipe.asp?seq=A02-2769,https://d3l76hx23vw40a.cloudfront.net/recipe/whk056-089_1.jpg,12.0,,5.0,
328,12590,楊桃,0,,大黃瓜肉片湯,https://www.ytower.com.tw/recipe/iframe-recipe.asp?seq=F04-0886,https://d3l76hx23vw40a.cloudfront.net/recipe/whk091-053a_1.jpg,5.0,,2.0,
329,12649,楊桃,0,,魚香茄子(12),https://www.ytower.com.tw/recipe/iframe-recipe.asp?seq=F04-0564,https://d3l76hx23vw40a.cloudfront.net/recipe/yqn33-029_1.jpg,8.0,,3.0,
330,12654,楊桃,0,,五柳魚(2),https://www.ytower.com.tw/recipe/iframe-recipe.asp?seq=B01-1624,https://d3l76hx23vw40a.cloudfront.net/recipe/whk074-096a_1.jpg,16.0,,3.0,
331,12701,楊桃,0,,金華肉末餅,https://www.ytower.com.tw/recipe/iframe-recipe.asp?seq=G02-459,https://d3l76hx23vw40a.cloudfront.net/recipe/bk73-037_1.jpg,21.0,,8.0,
332,12707,楊桃,0,,養生茄汁豆腐肉片,https://www.ytower.com.tw/recipe/iframe-recipe.asp?seq=A02-2903,https://d3l76hx23vw40a.cloudfront.net/recipe/whk065-035a_1.jpg,10.0,,3.0,
333,12741,楊桃,0,,紅糟豬肉香腸,https://www.ytower.com.tw/recipe/iframe-recipe.asp?seq=A02-635,https://d3l76hx23vw40a.cloudfront.net/recipe/whk43-058a_1.jpg,8.0,,9.0,
334,12743,楊桃,0,,五彩蕃茄肉片,https://www.ytower.com.tw/recipe/iframe-recipe.asp?seq=A02-2025,https://d3l76hx23vw40a.cloudfront.net/recipe/yqn33-018_1.jpg,15.0,,5.0,
335,12803,楊桃,0,,青菜鹹肉飯,https://www.ytower.com.tw/recipe/iframe-recipe.asp?seq=A02-1630,https://d3l76hx23vw40a.cloudfront.net/recipe/gy35-040_1.jpg,8.0,,3.0,
336,12865,楊桃,0,,豆干炒肉絲(3),https://www.ytower.com.tw/recipe/iframe-recipe.asp?seq=E01-0278,https://d3l76hx23vw40a.cloudfront.net/recipe/whk108-047a_1.jpg,10.0,,4.0,
337,12867,楊桃,0,,青蒜炒鹹豬肉,https://www.ytower.com.tw/recipe/iframe-recipe.asp?seq=A02-3482,https://d3l76hx23vw40a.cloudfront.net/recipe/whk106-007b_1.jpg,3.0,,4.0,
338,12879,楊桃,0,,漢堡獅子頭,https://www.ytower.com.tw/recipe/iframe-recipe.asp?seq=A02-2682,https://d3l76hx23vw40a.cloudfront.net/recipe/whk048-012a_1.jpg,10.0,,3.0,
339,12880,楊桃,0,,肉醬蒸鱈魚,https://www.ytower.com.tw/recipe/iframe-recipe.asp?seq=B01-1183,https://d3l76hx23vw40a.cloudfront.net/recipe/bk181-034a_1.jpg,8.0,,2.0,
340,12895,楊桃,0,,麻油松阪豬,https://www.ytower.com.tw/recipe/iframe-recipe.asp?seq=A02-3668,https://d3l76hx23vw40a.cloudfront.net/recipe/whk123-006a_1.jpg,9.0,,3.0,
341,12910,楊桃,0,,山藥肉片粥,https://www.ytower.com.tw/recipe/iframe-recipe.asp?seq=A02-3226,https://d3l76hx23vw40a.cloudfront.net/recipe/whk088-021c_1.jpg,7.0,,5.0,
342,13032,楊桃,0,,白玉拌肉絲,https://www.ytower.com.tw/recipe/iframe-recipe.asp?seq=A02-2415,https://d3l76hx23vw40a.cloudfront.net/recipe/bk193-025a_1.jpg,6.0,,5.0,
343,13043,楊桃,0,,炒年糕,https://www.ytower.com.tw/recipe/iframe-recipe.asp?seq=G01-655,https://d3l76hx23vw40a.cloudfront.net/recipe/whk40-102b_1.jpg,9.0,,3.0,
344,13120,楊桃,0,,潮洲炒粿條,https://www.ytower.com.tw/recipe/iframe-recipe.asp?seq=G02-095,https://d3l76hx23vw40a.cloudfront.net/recipe/whk15-116_1.jpg,12.0,,2.0,
345,13123,楊桃,0,,參苓糯米飯,https://www.ytower.com.tw/recipe/iframe-recipe.asp?seq=G01-695,https://d3l76hx23vw40a.cloudfront.net/recipe/ck41-033_1.jpg,15.0,,3.0,
346,13196,楊桃,0,,洋蔥山藥燉肉,https://www.ytower.com.tw/recipe/iframe-recipe.asp?seq=A02-3710,https://d3l76hx23vw40a.cloudfront.net/recipe/whk107-028_1.jpg,9.0,,4.0,
347,13216,楊桃,0,,炒米粉(2),https://www.ytower.com.tw/recipe/iframe-recipe.asp?seq=G02-138,https://d3l76hx23vw40a.cloudfront.net/recipe/maria-104_1.jpg,12.0,,6.0,
348,13227,楊桃,0,,魚香肉絲炒麵,https://www.ytower.com.tw/recipe/iframe-recipe.asp?seq=A02-1580,https://d3l76hx23vw40a.cloudfront.net/recipe/gy33-022a_1.jpg,18.0,,3.0,
349,13373,楊桃,0,,肉骨清湯,https://www.ytower.com.tw/recipe/iframe-recipe.asp?seq=A02-435,https://d3l76hx23vw40a.cloudfront.net/recipe/bk76-023a_1.jpg,6.0,,3.0,
350,13583,楊桃,0,,蔥燒肉片燒餅,https://www.ytower.com.tw/recipe/iframe-recipe.asp?seq=A02-1709,https://d3l76hx23vw40a.cloudfront.net/recipe/gy44-019_1.jpg,5.0,,3.0,
351,13613,楊桃,0,,肉絲炒苦瓜,https://www.ytower.com.tw/recipe/iframe-recipe.asp?seq=F04-0799,https://d3l76hx23vw40a.cloudfront.net/recipe/whk078-075b_1.jpg,7.0,,3.0,
352,13652,楊桃,0,,蒜味八寶飯,https://www.ytower.com.tw/recipe/iframe-recipe.asp?seq=G01-201,https://d3l76hx23vw40a.cloudfront.net/recipe/whk14-131a_1.jpg,10.0,,3.0,
353,13783,楊桃,0,,西芹炒肉片,https://www.ytower.com.tw/recipe/iframe-recipe.asp?seq=F01-1455,https://d3l76hx23vw40a.cloudfront.net/recipe/whk071-013a_1.jpg,7.0,,3.0,
354,13812,楊桃,0,,蘿蔔糕湯(4),https://www.ytower.com.tw/recipe/iframe-recipe.asp?seq=G01-1108,https://d3l76hx23vw40a.cloudfront.net/recipe/whk094-037c_1.jpg,11.0,,3.0,
355,13832,楊桃,0,,麻辣鮮魚鍋,https://www.ytower.com.tw/recipe/iframe-recipe.asp?seq=B01-1683,https://d3l76hx23vw40a.cloudfront.net/recipe/whk080-092_1.jpg,12.0,,4.0,
356,13884,楊桃,0,,黑胡椒豬肉便當,https://www.ytower.com.tw/recipe/iframe-recipe.asp?seq=G01-159,https://d3l76hx23vw40a.cloudfront.net/recipe/box-138_1.jpg,20.0,,4.0,
357,13888,楊桃,0,,芙蓉鮮肉卷,https://www.ytower.com.tw/recipe/iframe-recipe.asp?seq=A02-1966,https://d3l76hx23vw40a.cloudfront.net/recipe/bk184-015_1.jpg,11.0,,5.0,
358,13948,楊桃,0,,紅寶肉捲,https://www.ytower.com.tw/recipe/iframe-recipe.asp?seq=A02-3283,https://d3l76hx23vw40a.cloudfront.net/recipe/whk083-035_1.jpg,12.0,,5.0,
359,14143,楊桃,0,,梅汁酸甜肉(1),https://www.ytower.com.tw/recipe/iframe-recipe.asp?seq=A02-2927,https://d3l76hx23vw40a.cloudfront.net/recipe/whk067-032b_1.jpg,9.0,,3.0,
360,14169,楊桃,0,,蝦球,https://www.ytower.com.tw/recipe/iframe-recipe.asp?seq=B03-116,https://d3l76hx23vw40a.cloudfront.net/recipe/bk66-035_1.jpg,10.0,,4.0,
361,14220,楊桃,0,,什錦蛋炒飯(1),https://www.ytower.com.tw/recipe/iframe-recipe.asp?seq=B03-0863,https://d3l76hx23vw40a.cloudfront.net/recipe/yqn081-009_1.jpg,15.0,,4.0,
362,14221,楊桃,0,,紅燒厚片吐司,https://www.ytower.com.tw/recipe/iframe-recipe.asp?seq=G02-1334,https://d3l76hx23vw40a.cloudfront.net/recipe/whk071-053_1.jpg,10.0,,3.0,
363,14278,楊桃,0,,紅白燒肉片,https://www.ytower.com.tw/recipe/iframe-recipe.asp?seq=A02-1951,https://d3l76hx23vw40a.cloudfront.net/recipe/bk184-010b_1.jpg,10.0,,4.0,
364,14312,楊桃,0,,玉米什錦泡飯,https://www.ytower.com.tw/recipe/iframe-recipe.asp?seq=F01-1106,https://d3l76hx23vw40a.cloudfront.net/recipe/yqn30-046b_1.jpg,12.0,,3.0,
365,14371,楊桃,0,,香炒金針,https://www.ytower.com.tw/recipe/iframe-recipe.asp?seq=F03-013,https://d3l76hx23vw40a.cloudfront.net/recipe/bk46-039b_1.jpg,6.0,,1.0,
366,14413,楊桃,0,,熱炒西生菜(1),https://www.ytower.com.tw/recipe/iframe-recipe.asp?seq=F02-0848,https://d3l76hx23vw40a.cloudfront.net/recipe/whk067-097a_1.jpg,8.0,,3.0,
367,14483,楊桃,0,,群鯊燴排翅,https://www.ytower.com.tw/recipe/iframe-recipe.asp?seq=B01-0683,https://d3l76hx23vw40a.cloudfront.net/recipe/yt13-023_1.jpg,10.0,,4.0,
368,14505,楊桃,0,,松阪肉片菇菇鍋,https://www.ytower.com.tw/recipe/iframe-recipe.asp?seq=F06-0530,https://d3l76hx23vw40a.cloudfront.net/recipe/whk093-106_1.jpg,9.0,,3.0,
369,14512,楊桃,0,,肉醬,https://www.ytower.com.tw/recipe/iframe-recipe.asp?seq=A02-1900,https://d3l76hx23vw40a.cloudfront.net/recipe/gy70-032a_1.jpg,6.0,,2.0,
370,14601,楊桃,0,,髮菜羹(2),https://www.ytower.com.tw/recipe/iframe-recipe.asp?seq=A02-3062,https://d3l76hx23vw40a.cloudfront.net/recipe/whk076-024b_1.jpg,20.0,,4.0,
371,14609,楊桃,0,,白菜燒肉片,https://www.ytower.com.tw/recipe/iframe-recipe.asp?seq=F02-0939,https://d3l76hx23vw40a.cloudfront.net/recipe/whk094-071b_1.jpg,17.0,,4.0,
372,14716,楊桃,0,,豬油,https://www.ytower.com.tw/recipe/iframe-recipe.asp?seq=A02-708,https://d3l76hx23vw40a.cloudfront.net/recipe/ck38-007a_1.jpg,3.0,,4.0,
373,14774,楊桃,0,,肉骨高湯,https://www.ytower.com.tw/recipe/iframe-recipe.asp?seq=I03-502,https://d3l76hx23vw40a.cloudfront.net/recipe/bk76-009_1.jpg,6.0,,3.0,
374,14782,楊桃,0,,台式什錦大麵炒,https://www.ytower.com.tw/recipe/iframe-recipe.asp?seq=G02-363,https://d3l76hx23vw40a.cloudfront.net/recipe/bk64-014_1.jpg,13.0,,2.0,
375,14794,楊桃,0,,八寶肉粽,https://www.ytower.com.tw/recipe/iframe-recipe.asp?seq=G01-066,https://d3l76hx23vw40a.cloudfront.net/recipe/00_1.jpg,19.0,,6.0,
376,14843,楊桃,0,,燕麥片炒回鍋豬肉,https://www.ytower.com.tw/recipe/iframe-recipe.asp?seq=A02-3069,https://d3l76hx23vw40a.cloudfront.net/recipe/whk076-051a_1.jpg,14.0,,5.0,
377,14854,楊桃,0,,洋芋肉絲捲,https://www.ytower.com.tw/recipe/iframe-recipe.asp?seq=A02-1723,https://d3l76hx23vw40a.cloudfront.net/recipe/gy44-037a_1.jpg,7.0,,3.0,
378,14885,楊桃,0,,酸辣米粉,https://www.ytower.com.tw/recipe/iframe-recipe.asp?seq=G01-1113,https://d3l76hx23vw40a.cloudfront.net/recipe/whk077-039c_1.jpg,11.0,,3.0,
379,14907,楊桃,0,,肉絲炒麵(1),https://www.ytower.com.tw/recipe/iframe-recipe.asp?seq=G02-1431,https://d3l76hx23vw40a.cloudfront.net/recipe/whk104-010_1.jpg,11.0,,4.0,
380,15059,楊桃,0,,豆泡燒肉,https://www.ytower.com.tw/recipe/iframe-recipe.asp?seq=A02-3501,https://d3l76hx23vw40a.cloudfront.net/recipe/whk095-104_1.jpg,12.0,,3.0,
381,15069,楊桃,0,,辣泡菜小火鍋,https://www.ytower.com.tw/recipe/iframe-recipe.asp?seq=F01-056,https://d3l76hx23vw40a.cloudfront.net/recipe/kimchi-1322_1.jpg,8.0,,2.0,
382,15107,楊桃,0,,泡麵火鍋,https://www.ytower.com.tw/recipe/iframe-recipe.asp?seq=G02-035,https://d3l76hx23vw40a.cloudfront.net/recipe/00_1.jpg,17.0,,1.0,
383,15113,楊桃,0,,紹興滷肉,https://www.ytower.com.tw/recipe/iframe-recipe.asp?seq=A02-2421,https://d3l76hx23vw40a.cloudfront.net/recipe/00_1.jpg,9.0,,3.0,
384,15131,楊桃,0,,珍菇豬肉鍋,https://www.ytower.com.tw/recipe/iframe-recipe.asp?seq=A02-2256,https://d3l76hx23vw40a.cloudfront.net/recipe/00_1.jpg,15.0,,5.0,
385,15165,楊桃,0,,酸辣耳片,https://www.ytower.com.tw/recipe/iframe-recipe.asp?seq=F06-0168,https://d3l76hx23vw40a.cloudfront.net/recipe/bk128-011b_1.jpg,11.0,,4.0,
386,15207,楊桃,0,,紅麴鍋,https://www.ytower.com.tw/recipe/iframe-recipe.asp?seq=A02-3188,https://d3l76hx23vw40a.cloudfront.net/recipe/whk093-041b_1.jpg,8.0,,4.0,
387,15223,楊桃,0,,彩椒柚子肉片,https://www.ytower.com.tw/recipe/iframe-recipe.asp?seq=A02-3142,https://d3l76hx23vw40a.cloudfront.net/recipe/whk080-117b_1.jpg,13.0,,3.0,
388,15257,楊桃,0,,香炒金針(1),https://www.ytower.com.tw/recipe/iframe-recipe.asp?seq=F03-0146,https://d3l76hx23vw40a.cloudfront.net/recipe/whk080-018a_1.jpg,8.0,,3.0,
389,15287,楊桃,0,,烤薑片豬肉卷,https://www.ytower.com.tw/recipe/iframe-recipe.asp?seq=A02-099,https://d3l76hx23vw40a.cloudfront.net/recipe/meat-059_1.jpg,7.0,,3.0,
390,15327,楊桃,0,,塔香肉片燴飯,https://www.ytower.com.tw/recipe/iframe-recipe.asp?seq=A02-2589,https://d3l76hx23vw40a.cloudfront.net/recipe/00_1.jpg,12.0,,4.0,
391,15526,楊桃,0,,韓式泡菜鍋(2),https://www.ytower.com.tw/recipe/iframe-recipe.asp?seq=F02-0336,https://d3l76hx23vw40a.cloudfront.net/recipe/ck66-013_1.jpg,22.0,,6.0,
392,15610,楊桃,0,,泡菜年糕鍋,https://www.ytower.com.tw/recipe/iframe-recipe.asp?seq=G01-0796,https://d3l76hx23vw40a.cloudfront.net/recipe/ck66-030_1.jpg,11.0,,5.0,
393,15619,楊桃,0,,韓式辣炒年糕,https://www.ytower.com.tw/recipe/iframe-recipe.asp?seq=G01-0886,https://d3l76hx23vw40a.cloudfront.net/recipe/gy51-069_1.jpg,10.0,,4.0,
394,15627,楊桃,0,,馬鈴薯燉肉(4),https://www.ytower.com.tw/recipe/iframe-recipe.asp?seq=A02-2314,https://d3l76hx23vw40a.cloudfront.net/recipe/yqn62-030_1.jpg,10.0,,3.0,
395,15649,楊桃,0,,韓式泡菜豆腐鍋,https://www.ytower.com.tw/recipe/iframe-recipe.asp?seq=A02-1799,https://d3l76hx23vw40a.cloudfront.net/recipe/gy50-062_1.jpg,9.0,,3.0,
396,15706,楊桃,1,,照燒豬排(1),https://www.ytower.com.tw/recipe/iframe-recipe.asp?seq=A02-2349,https://d3l76hx23vw40a.cloudfront.net/recipe/bk196-027a_1.jpg,10.0,,4.0,
397,15789,楊桃,0,,韓式銅盤烤肉,https://www.ytower.com.tw/recipe/iframe-recipe.asp?seq=A02-376,https://d3l76hx23vw40a.cloudfront.net/recipe/bk71-021_1.jpg,17.0,,3.0,
398,15801,楊桃,0,,泡菜豆腐鍋,https://www.ytower.com.tw/recipe/iframe-recipe.asp?seq=D01-0223,https://d3l76hx23vw40a.cloudfront.net/recipe/gy01-089_1.jpg,15.0,,3.0,
399,15818,楊桃,0,,泡菜豆芽炒肉片,https://www.ytower.com.tw/recipe/iframe-recipe.asp?seq=A02-1955,https://d3l76hx23vw40a.cloudfront.net/recipe/bk184-012b_1.jpg,6.0,,3.0,
400,15827,楊桃,3,,鐵板豆腐(3),https://www.ytower.com.tw/recipe/iframe-recipe.asp?seq=D01-0181,https://d3l76hx23vw40a.cloudfront.net/recipe/bk129-016b_1.jpg,16.0,,5.0,
401,15845,楊桃,0,,白玉燒肉,https://www.ytower.com.tw/recipe/iframe-recipe.asp?seq=A02-281,https://d3l76hx23vw40a.cloudfront.net/recipe/bk55-022b_1.jpg,6.0,,3.0,
402,15849,楊桃,1,,義式總匯披薩,https://www.ytower.com.tw/recipe/iframe-recipe.asp?seq=G02-479,https://d3l76hx23vw40a.cloudfront.net/recipe/hq02-014_1.jpg,9.0,,4.0,
403,16056,楊桃,0,,泡菜味噌鍋,https://www.ytower.com.tw/recipe/iframe-recipe.asp?seq=A02-1107,https://d3l76hx23vw40a.cloudfront.net/recipe/ck66-032_1.jpg,11.0,,4.0,
404,16084,楊桃,0,,什錦冬粉鍋,https://www.ytower.com.tw/recipe/iframe-recipe.asp?seq=A02-1108,https://d3l76hx23vw40a.cloudfront.net/recipe/ck66-033a_1.jpg,21.0,,4.0,
405,16096,楊桃,0,,日式照燒披薩,https://www.ytower.com.tw/recipe/iframe-recipe.asp?seq=G02-638,https://d3l76hx23vw40a.cloudfront.net/recipe/yb11-028_1.jpg,8.0,,4.0,
406,16124,楊桃,1,,和汁松阪豚,https://www.ytower.com.tw/recipe/iframe-recipe.asp?seq=A02-3063,https://d3l76hx23vw40a.cloudfront.net/recipe/whk076-026a_1.jpg,6.0,,4.0,
407,16148,楊桃,0,,南洋椰奶鍋,https://www.ytower.com.tw/recipe/iframe-recipe.asp?seq=B01-1476,https://d3l76hx23vw40a.cloudfront.net/recipe/yqn092-040a_1.jpg,18.0,,2.0,
408,16193,楊桃,0,,咖哩炒肉片,https://www.ytower.com.tw/recipe/iframe-recipe.asp?seq=A02-1957,https://d3l76hx23vw40a.cloudfront.net/recipe/bk184-013b_1.jpg,11.0,,3.0,
409,16235,楊桃,0,,地瓜煎肉排,https://www.ytower.com.tw/recipe/iframe-recipe.asp?seq=A02-1311,https://d3l76hx23vw40a.cloudfront.net/recipe/bk140-041_1.jpg,12.0,,4.0,
410,16292,楊桃,1,,薑汁燒肉,https://www.ytower.com.tw/recipe/iframe-recipe.asp?seq=A02-255,https://d3l76hx23vw40a.cloudfront.net/recipe/bk52-024a_1.jpg,11.0,,4.0,
411,16305,楊桃,0,,泡菜炒肉片(6),https://www.ytower.com.tw/recipe/iframe-recipe.asp?seq=A02-1962,https://d3l76hx23vw40a.cloudfront.net/recipe/bk182-014_1.jpg,9.0,,2.0,
412,16353,楊桃,1,,韓式燒肉片,https://www.ytower.com.tw/recipe/iframe-recipe.asp?seq=A02-2747,https://d3l76hx23vw40a.cloudfront.net/recipe/whk055-021_1.jpg,9.0,,4.0,
413,16356,楊桃,0,,味噌醬漬霜降豬肉,https://www.ytower.com.tw/recipe/iframe-recipe.asp?seq=A02-472,https://d3l76hx23vw40a.cloudfront.net/recipe/bk82-019_1.jpg,10.0,,4.0,
414,16367,楊桃,0,,豆漿白肉鍋,https://www.ytower.com.tw/recipe/iframe-recipe.asp?seq=A02-1185,https://d3l76hx23vw40a.cloudfront.net/recipe/yqn09-015_1.jpg,11.0,,5.0,
415,16399,楊桃,0,,泡菜炒肉片,https://www.ytower.com.tw/recipe/iframe-recipe.asp?seq=A02-1236,https://d3l76hx23vw40a.cloudfront.net/recipe/ck77-029_1.jpg,9.0,,4.0,
416,16414,楊桃,0,,泡菜鍋(2),https://www.ytower.com.tw/recipe/iframe-recipe.asp?seq=F02-0331,https://d3l76hx23vw40a.cloudfront.net/recipe/ck63-031_1.jpg,12.0,,3.0,
417,16515,楊桃,0,,泡菜鍋,https://www.ytower.com.tw/recipe/iframe-recipe.asp?seq=F02-119,https://d3l76hx23vw40a.cloudfront.net/recipe/bk68-029a_1.jpg,7.0,,2.0,
418,16516,楊桃,0,,咖哩釋迦,https://www.ytower.com.tw/recipe/iframe-recipe.asp?seq=A02-317,https://d3l76hx23vw40a.cloudfront.net/recipe/whk29-111_1.jpg,11.0,,2.0,
419,16539,楊桃,0,,泰式糖醋炒肉片,https://www.ytower.com.tw/recipe/iframe-recipe.asp?seq=A02-0831,https://d3l76hx23vw40a.cloudfront.net/recipe/yq36-005a_1.jpg,15.0,,4.0,
420,16598,楊桃,0,,炸豬排(1),https://www.ytower.com.tw/recipe/iframe-recipe.asp?seq=A02-776,https://d3l76hx23vw40a.cloudfront.net/recipe/bk104-016_1.jpg,9.0,,4.0,
421,16601,楊桃,0,,蒜味泡菜炒肉片,https://www.ytower.com.tw/recipe/iframe-recipe.asp?seq=A02-1529,https://d3l76hx23vw40a.cloudfront.net/recipe/yqn26-035a_1.jpg,6.0,,3.0,
422,16610,楊桃,0,,辣炒年糕,https://www.ytower.com.tw/recipe/iframe-recipe.asp?seq=G01-1112,https://d3l76hx23vw40a.cloudfront.net/recipe/whk094-069_1.jpg,12.0,,4.0,
423,16708,楊桃,0,,味噌豬肉,https://www.ytower.com.tw/recipe/iframe-recipe.asp?seq=A02-148,https://d3l76hx23vw40a.cloudfront.net/recipe/whk19-122_1.jpg,8.0,,3.0,
424,16727,楊桃,0,,馬鈴薯豬肉餅,https://www.ytower.com.tw/recipe/iframe-recipe.asp?seq=A02-2018,https://d3l76hx23vw40a.cloudfront.net/recipe/yqn31-035_1.jpg,5.0,,2.0,
425,16753,楊桃,0,,什錦青菜,https://www.ytower.com.tw/recipe/iframe-recipe.asp?seq=F02-0270,https://d3l76hx23vw40a.cloudfront.net/recipe/re01-040a_1.jpg,14.0,,4.0,
426,16800,楊桃,0,,燻肉潛艇堡,https://www.ytower.com.tw/recipe/iframe-recipe.asp?seq=A02-392,https://d3l76hx23vw40a.cloudfront.net/recipe/whk33-119_1.jpg,8.0,,3.0,
427,16821,楊桃,0,,風味咖哩豬肉披薩,https://www.ytower.com.tw/recipe/iframe-recipe.asp?seq=A02-729,https://d3l76hx23vw40a.cloudfront.net/recipe/yb11-045_1.jpg,13.0,,6.0,
428,16825,楊桃,0,,韓式燒肉鍋,https://www.ytower.com.tw/recipe/iframe-recipe.asp?seq=A02-1200,https://d3l76hx23vw40a.cloudfront.net/recipe/yqn09-049_1.jpg,9.0,,5.0,
429,16878,楊桃,0,,甜雞醬炒蘆筍,https://www.ytower.com.tw/recipe/iframe-recipe.asp?seq=F01-0981,https://d3l76hx23vw40a.cloudfront.net/recipe/gy48-043b_1.jpg,7.0,,3.0,
430,16887,楊桃,0,,香煎肉卷,https://www.ytower.com.tw/recipe/iframe-recipe.asp?seq=A02-1958,https://d3l76hx23vw40a.cloudfront.net/recipe/bk184-014_1.jpg,6.0,,4.0,
431,16930,楊桃,0,,洋蔥醬薯泥,https://www.ytower.com.tw/recipe/iframe-recipe.asp?seq=F01-082,https://d3l76hx23vw40a.cloudfront.net/recipe/whk12-125_1.jpg,12.0,,4.0,
432,16934,楊桃,1,,薑汁燒肉(4),https://www.ytower.com.tw/recipe/iframe-recipe.asp?seq=A02-3394,https://d3l76hx23vw40a.cloudfront.net/recipe/whk098-031b_1.jpg,9.0,,3.0,
433,16937,楊桃,0,,味增白灼菜心,https://www.ytower.com.tw/recipe/iframe-recipe.asp?seq=F01-0983,https://d3l76hx23vw40a.cloudfront.net/recipe/gy48-055a_1.jpg,9.0,,4.0,
434,16981,楊桃,1,,照燒豬排飯個人套餐,https://www.ytower.com.tw/recipe/iframe-recipe.asp?seq=A02-3007,https://d3l76hx23vw40a.cloudfront.net/recipe/whk075-056a_1.jpg,9.0,,3.0,
435,16992,楊桃,0,,泡菜肉片(1),https://www.ytower.com.tw/recipe/iframe-recipe.asp?seq=A02-2924,https://d3l76hx23vw40a.cloudfront.net/recipe/whk066-059b_1.jpg,6.0,,2.0,
436,17149,楊桃,0,,和式豬排堡,https://www.ytower.com.tw/recipe/iframe-recipe.asp?seq=A02-346,https://d3l76hx23vw40a.cloudfront.net/recipe/bk69-016a_1.jpg,12.0,,4.0,
437,17166,楊桃,0,,馬鈴薯燉肉個人套餐,https://www.ytower.com.tw/recipe/iframe-recipe.asp?seq=A02-3004,https://d3l76hx23vw40a.cloudfront.net/recipe/whk075-053_1.jpg,15.0,,3.0,
438,17255,楊桃,0,,沖繩黑毛,https://www.ytower.com.tw/recipe/iframe-recipe.asp?seq=A02-1410,https://d3l76hx23vw40a.cloudfront.net/recipe/gg26-014_1.jpg,11.0,,4.0,
439,17256,楊桃,0,,馬德里豬肉串,https://www.ytower.com.tw/recipe/iframe-recipe.asp?seq=A02-415,https://d3l76hx23vw40a.cloudfront.net/recipe/whk36-041b_1.jpg,12.0,,3.0,
440,17267,楊桃,0,,肉片扒玉蔥,https://www.ytower.com.tw/recipe/iframe-recipe.asp?seq=A02-1413,https://d3l76hx23vw40a.cloudfront.net/recipe/gg26-034_1.jpg,8.0,,4.0,
441,17271,楊桃,0,,泡菜肉片煎餅,https://www.ytower.com.tw/recipe/iframe-recipe.asp?seq=A02-3189,https://d3l76hx23vw40a.cloudfront.net/recipe/whk093-054a_1.jpg,10.0,,5.0,
442,17419,楊桃,0,,和風薑味野豚,https://www.ytower.com.tw/recipe/iframe-recipe.asp?seq=A02-3279,https://d3l76hx23vw40a.cloudfront.net/recipe/whk083-023a_1.jpg,7.0,,4.0,
443,17454,楊桃,1,,味噌醬蒸肉片,https://www.ytower.com.tw/recipe/iframe-recipe.asp?seq=A02-3315,https://d3l76hx23vw40a.cloudfront.net/recipe/whk090-034d_1.jpg,4.0,,2.0,
444,17526,楊桃,0,,馬鈴薯燉肉(7),https://www.ytower.com.tw/recipe/iframe-recipe.asp?seq=A02-3716,https://d3l76hx23vw40a.cloudfront.net/recipe/whk107-034a_1.jpg,9.0,,4.0,
445,18112,楊桃,0,,泰式檸檬肉片,https://www.ytower.com.tw/recipe/iframe-recipe.asp?seq=A02-282,https://d3l76hx23vw40a.cloudfront.net/recipe/bk55-043b_1.jpg,6.0,,4.0,
446,18262,楊桃,0,,炒泡菜,https://www.ytower.com.tw/recipe/iframe-recipe.asp?seq=F02-118,https://d3l76hx23vw40a.cloudfront.net/recipe/bk68-027_1.jpg,6.0,,3.0,
447,18352,楊桃,0,,烤丸子,https://www.ytower.com.tw/recipe/iframe-recipe.asp?seq=A02-1688,https://d3l76hx23vw40a.cloudfront.net/recipe/bk169-017b_1.jpg,7.0,,2.0,
448,18588,楊桃,0,,香煎松阪豬沙拉,https://www.ytower.com.tw/recipe/iframe-recipe.asp?seq=A02-3709,https://d3l76hx23vw40a.cloudfront.net/recipe/whk107-023_1.jpg,12.0,,3.0,
449,18955,楊桃,0,,韓式柚醬豆腐沙拉,https://www.ytower.com.tw/recipe/iframe-recipe.asp?seq=D01-0626,https://d3l76hx23vw40a.cloudfront.net/recipe/whk107-025c_1.jpg,8.0,,3.0,
450,19136,楊桃,0,,梅汁拌肉絲,https://www.ytower.com.tw/recipe/iframe-recipe.asp?seq=A02-3785,https://d3l76hx23vw40a.cloudfront.net/recipe/whk116-057b_1.jpg,11.0,,3.0,
451,19278,楊桃,1,,蔬菜清湯,https://www.ytower.com.tw/recipe/iframe-recipe.asp?seq=F01-120,https://d3l76hx23vw40a.cloudfront.net/recipe/whk23-142_1.jpg,9.0,,5.0,
452,19440,楊桃,0,,芋頭米粉湯(3),https://www.ytower.com.tw/recipe/iframe-recipe.asp?seq=F01-2010,https://d3l76hx23vw40a.cloudfront.net/recipe/whk124-066a_1.jpg,9.0,,3.0,
453,19515,楊桃,0,,筍香炊飯(2),https://www.ytower.com.tw/recipe/iframe-recipe.asp?seq=F01-1788,https://d3l76hx23vw40a.cloudfront.net/recipe/whk102-031a_1.jpg,9.0,,4.0,
454,19575,楊桃,0,,竹筍炒肉絲(6),https://www.ytower.com.tw/recipe/iframe-recipe.asp?seq=F01-1947,https://d3l76hx23vw40a.cloudfront.net/recipe/whk108-051a_1.jpg,9.0,,4.0,
455,19629,楊桃,0,,洋蔥肉絲,https://www.ytower.com.tw/recipe/iframe-recipe.asp?seq=F01-1804,https://d3l76hx23vw40a.cloudfront.net/recipe/whk108-040a_1.jpg,10.0,,3.0,
456,19683,楊桃,0,,燒牛蒡,https://www.ytower.com.tw/recipe/iframe-recipe.asp?seq=F01-1881,https://d3l76hx23vw40a.cloudfront.net/recipe/whk117-039_1.jpg,8.0,,4.0,
457,20290,楊桃,0,,西瓜皮炒肉絲,https://www.ytower.com.tw/recipe/iframe-recipe.asp?seq=F07-1100,https://d3l76hx23vw40a.cloudfront.net/recipe/whk097-054c_1.jpg,9.0,,3.0,
458,20610,楊桃,1,,蕃茄肉片湯,https://www.ytower.com.tw/recipe/iframe-recipe.asp?seq=A02-418,https://d3l76hx23vw40a.cloudfront.net/recipe/whk36-106a_1.jpg,12.0,,3.0,
459,20631,楊桃,0,,酸辣湯(2),https://www.ytower.com.tw/recipe/iframe-recipe.asp?seq=B01-173,https://d3l76hx23vw40a.cloudfront.net/recipe/kibun-111b_1.jpg,12.0,,4.0,
460,20695,楊桃,0,,韓式芽菜肉片清湯,https://www.ytower.com.tw/recipe/iframe-recipe.asp?seq=A02-2674,https://d3l76hx23vw40a.cloudfront.net/recipe/aa034-025a_1.jpg,10.0,,3.0,
461,20839,楊桃,0,,香茄芹菜湯,https://www.ytower.com.tw/recipe/iframe-recipe.asp?seq=A02-419,https://d3l76hx23vw40a.cloudfront.net/recipe/whk36-107a_1.jpg,10.0,,2.0,
462,20876,楊桃,0,,蓮瑪哥托濃湯 ,https://www.ytower.com.tw/recipe/iframe-recipe.asp?seq=A02-417,https://d3l76hx23vw40a.cloudfront.net/recipe/whk36-101_1.jpg,11.0,,3.0,
463,20974,楊桃,0,,酸辣湯(9),https://www.ytower.com.tw/recipe/iframe-recipe.asp?seq=A02-3893,https://d3l76hx23vw40a.cloudfront.net/recipe/whk130-078_1.jpg,18.0,,8.0,
464,20988,楊桃,0,,蓮子米漿肉片湯,https://www.ytower.com.tw/recipe/iframe-recipe.asp?seq=A02-2675,https://d3l76hx23vw40a.cloudfront.net/recipe/00_1.jpg,9.0,,4.0,
465,21024,楊桃,0,,絞肉鑲黃瓜湯(1),https://www.ytower.com.tw/recipe/iframe-recipe.asp?seq=A02-1695,https://d3l76hx23vw40a.cloudfront.net/recipe/00_1.jpg,13.0,,6.0,
466,21111,楊桃,0,,海帶豆芽肉片湯,https://www.ytower.com.tw/recipe/iframe-recipe.asp?seq=A02-3708,https://d3l76hx23vw40a.cloudfront.net/recipe/whk107-021b_1.jpg,11.0,,3.0,
467,21201,楊桃,0,,日式洋蔥牛肉焗飯,https://www.ytower.com.tw/recipe/iframe-recipe.asp?seq=A01-0867,https://d3l76hx23vw40a.cloudfront.net/recipe/yqn49-030_1.jpg,6.0,,3.0,
468,21573,楊桃,0,,塔香茄子燴飯,https://www.ytower.com.tw/recipe/iframe-recipe.asp?seq=F04-1033,https://d3l76hx23vw40a.cloudfront.net/recipe/whk114-047a_1.jpg,17.0,,5.0,
469,21642,楊桃,0,,彩蔬咖哩熱沾麵,https://www.ytower.com.tw/recipe/iframe-recipe.asp?seq=F04-1050,https://d3l76hx23vw40a.cloudfront.net/recipe/whk109-034b_1.jpg,18.0,,5.0,
470,21645,楊桃,0,,番茄燒茄子,https://www.ytower.com.tw/recipe/iframe-recipe.asp?seq=F04-0987,https://d3l76hx23vw40a.cloudfront.net/recipe/whk117-043b_1.jpg,13.0,,4.0,
471,21720,楊桃,0,,客家燒海蔘,https://www.ytower.com.tw/recipe/iframe-recipe.asp?seq=B04-013,https://d3l76hx23vw40a.cloudfront.net/recipe/00_1.jpg,16.0,,4.0,
472,21834,楊桃,1,,韓式泡菜燴飯,https://www.ytower.com.tw/recipe/iframe-recipe.asp?seq=G01-348,https://d3l76hx23vw40a.cloudfront.net/recipe/bk34-045_1.jpg,9.0,,2.0,
473,21901,楊桃,0,,中華丼,https://www.ytower.com.tw/recipe/iframe-recipe.asp?seq=G01-365,https://d3l76hx23vw40a.cloudfront.net/recipe/bk35-016_1.jpg,16.0,,4.0,
474,21908,楊桃,0,,蛋包飯(3),https://www.ytower.com.tw/recipe/iframe-recipe.asp?seq=G01-459,https://d3l76hx23vw40a.cloudfront.net/recipe/bk57-037b_1.jpg,8.0,,3.0,
475,21951,楊桃,0,,天津丼,https://www.ytower.com.tw/recipe/iframe-recipe.asp?seq=G01-366,https://d3l76hx23vw40a.cloudfront.net/recipe/bk35-017_1.jpg,15.0,,5.0,
476,21964,楊桃,0,,泡菜炒飯,https://www.ytower.com.tw/recipe/iframe-recipe.asp?seq=G01-536,https://d3l76hx23vw40a.cloudfront.net/recipe/bk68-028a_1.jpg,5.0,,2.0,
477,22040,楊桃,0,,蘋果肉卷,https://www.ytower.com.tw/recipe/iframe-recipe.asp?seq=G01-266,https://d3l76hx23vw40a.cloudfront.net/recipe/bk30-019a_1.jpg,9.0,,3.0,
478,22053,楊桃,0,,柳川風味丼,https://www.ytower.com.tw/recipe/iframe-recipe.asp?seq=G01-368,https://d3l76hx23vw40a.cloudfront.net/recipe/bk35-019_1.jpg,5.0,,3.0,
479,22089,楊桃,0,,日式角煮飯糰,https://www.ytower.com.tw/recipe/iframe-recipe.asp?seq=G01-262,https://d3l76hx23vw40a.cloudfront.net/recipe/bk30-015b_1.jpg,9.0,,3.0,
480,22144,楊桃,0,,串燒餐盒,https://www.ytower.com.tw/recipe/iframe-recipe.asp?seq=G01-085,https://d3l76hx23vw40a.cloudfront.net/recipe/00_1.jpg,16.0,,4.0,
481,22208,楊桃,0,,韓式泡菜年糕(1),https://www.ytower.com.tw/recipe/iframe-recipe.asp?seq=G01-1182,https://d3l76hx23vw40a.cloudfront.net/recipe/whk115-042_1.jpg,10.0,,4.0,
482,23617,楊桃,21,,大阪燒(4),https://www.ytower.com.tw/recipe/iframe-recipe.asp?seq=F02-0755,https://d3l76hx23vw40a.cloudfront.net/recipe/bk194a-012_1.jpg,21.0,,3.0,
483,23621,楊桃,5,,泡菜炒飯(4),https://www.ytower.com.tw/recipe/iframe-recipe.asp?seq=F02-0648,https://d3l76hx23vw40a.cloudfront.net/recipe/bk183-015a_1.jpg,7.0,,4.0,
484,23635,楊桃,0,,泡菜蒸飯,https://www.ytower.com.tw/recipe/iframe-recipe.asp?seq=F02-0394,https://d3l76hx23vw40a.cloudfront.net/recipe/ck77-032_1.jpg,14.0,,4.0,
485,23643,楊桃,0,,泡菜炒麵(1),https://www.ytower.com.tw/recipe/iframe-recipe.asp?seq=F02-0515,https://d3l76hx23vw40a.cloudfront.net/recipe/gy33-020_1.jpg,14.0,,3.0,
486,23676,楊桃,0,,酸菜辣椒肉絲,https://www.ytower.com.tw/recipe/iframe-recipe.asp?seq=F02-0874,https://d3l76hx23vw40a.cloudfront.net/recipe/whk073-089b_1.jpg,6.0,,3.0,
487,23706,楊桃,0,,破布子肉片龍鬚菜,https://www.ytower.com.tw/recipe/iframe-recipe.asp?seq=F02-1019,https://d3l76hx23vw40a.cloudfront.net/recipe/whk102-037b_1.jpg,10.0,,4.0,
488,23786,楊桃,5,,日式洋蔥燒肉蓋飯,https://www.ytower.com.tw/recipe/iframe-recipe.asp?seq=A02-2166,https://d3l76hx23vw40a.cloudfront.net/recipe/yqn47-012_1.jpg,7.0,,2.0,
489,23817,楊桃,1,,日式炒烏龍麵,https://www.ytower.com.tw/recipe/iframe-recipe.asp?seq=A02-1997,https://d3l76hx23vw40a.cloudfront.net/recipe/bk183-040_1.jpg,12.0,,3.0,
490,23917,楊桃,0,,泡菜炒麵(2),https://www.ytower.com.tw/recipe/iframe-recipe.asp?seq=A02-2000,https://d3l76hx23vw40a.cloudfront.net/recipe/bk183-043a_1.jpg,8.0,,3.0,
491,24046,楊桃,0,,歐姆蛋包飯(1),https://www.ytower.com.tw/recipe/iframe-recipe.asp?seq=C01-0724,https://d3l76hx23vw40a.cloudfront.net/recipe/bk212-028_1.jpg,7.0,,9.0,
492,24304,楊桃,1,,韓式泡菜燒肉比薩,https://www.ytower.com.tw/recipe/iframe-recipe.asp?seq=A02-1892,https://d3l76hx23vw40a.cloudfront.net/recipe/gy69-020b_1.jpg,5.0,,2.0,
493,24459,楊桃,0,,黑胡椒鐵板麵,https://www.ytower.com.tw/recipe/iframe-recipe.asp?seq=A02-1797,https://d3l76hx23vw40a.cloudfront.net/recipe/gy56-036a_1.jpg,6.0,,4.0,
494,24968,楊桃,0,,乾拌沙茶義大利麵,https://www.ytower.com.tw/recipe/iframe-recipe.asp?seq=A02-2061,https://d3l76hx23vw40a.cloudfront.net/recipe/yqn30-047b_1.jpg,12.0,,4.0,
495,25093,楊桃,0,,燒肉貝果三明治,https://www.ytower.com.tw/recipe/iframe-recipe.asp?seq=H02-781,https://d3l76hx23vw40a.cloudfront.net/recipe/whk41-010a_1.jpg,5.0,,2.0,
496,25181,楊桃,0,,豬肉蔬菜燉飯,https://www.ytower.com.tw/recipe/iframe-recipe.asp?seq=A02-3008,https://d3l76hx23vw40a.cloudfront.net/recipe/whk075-071a_1.jpg,9.0,,3.0,
497,25359,楊桃,0,,洋蔥豚肉焗飯,https://www.ytower.com.tw/recipe/iframe-recipe.asp?seq=A02-2179,https://d3l76hx23vw40a.cloudfront.net/recipe/yqn42-044b_1.jpg,6.0,,3.0,
498,25429,楊桃,0,,美式海鮮炒飯,https://www.ytower.com.tw/recipe/iframe-recipe.asp?seq=B03-0394,https://d3l76hx23vw40a.cloudfront.net/recipe/ck67-034_1.jpg,13.0,,4.0,
499,25546,楊桃,0,,洋蔥豬肉焗飯,https://www.ytower.com.tw/recipe/iframe-recipe.asp?seq=A02-2841,https://d3l76hx23vw40a.cloudfront.net/recipe/whk062-092_1.jpg,6.0,,2.0,
500,25753,楊桃,0,,西班牙海鮮飯(3),https://www.ytower.com.tw/recipe/iframe-recipe.asp?seq=A02-2766,https://d3l76hx23vw40a.cloudfront.net/recipe/whk056-037_1.jpg,18.0,,6.0,
501,25755,楊桃,0,,酥皮肉醬飯,https://www.ytower.com.tw/recipe/iframe-recipe.asp?seq=A02-2041,https://d3l76hx23vw40a.cloudfront.net/recipe/yqn33-045_1.jpg,5.0,,2.0,
502,25938,楊桃,0,,南瓜肉丁燉飯,https://www.ytower.com.tw/recipe/iframe-recipe.asp?seq=A02-3227,https://d3l76hx23vw40a.cloudfront.net/recipe/whk088-022b_1.jpg,7.0,,5.0,
503,26275,楊桃,0,,牛角可頌餐盒,https://www.ytower.com.tw/recipe/iframe-recipe.asp?seq=H02-060,https://d3l76hx23vw40a.cloudfront.net/recipe/box-094_1.jpg,8.0,,2.0,
504,26445,楊桃,0,,彩椒豬肉燉飯,https://www.ytower.com.tw/recipe/iframe-recipe.asp?seq=A02-3568,https://d3l76hx23vw40a.cloudfront.net/recipe/whk104-072b_1.jpg,12.0,,5.0,
505,26584,楊桃,0,,鹹豬肉披薩,https://www.ytower.com.tw/recipe/iframe-recipe.asp?seq=A02-3615,https://d3l76hx23vw40a.cloudfront.net/recipe/whk105-114a_1.jpg,6.0,,3.0,
506,26933,楊桃,0,,家常燒豆腐(1),https://www.ytower.com.tw/recipe/iframe-recipe.asp?seq=D01-0636,https://d3l76hx23vw40a.cloudfront.net/recipe/whk108-060b_1.jpg,10.0,,3.0,
507,27015,楊桃,0,,照燒豬肉丼飯,https://www.ytower.com.tw/recipe/iframe-recipe.asp?seq=A02-2996,https://d3l76hx23vw40a.cloudfront.net/recipe/whk074-012b_1.jpg,13.0,,6.0,
508,27016,楊桃,0,,泡菜豬肉飯(1),https://www.ytower.com.tw/recipe/iframe-recipe.asp?seq=A02-2047,https://d3l76hx23vw40a.cloudfront.net/recipe/bk192-013b_1.jpg,11.0,,4.0,
509,27017,楊桃,0,,霜降烤豬肉飯,https://www.ytower.com.tw/recipe/iframe-recipe.asp?seq=A02-0886,https://d3l76hx23vw40a.cloudfront.net/recipe/ck49-032_1.jpg,11.0,,3.0,
510,27023,楊桃,0,,洋蔥豬柳咖哩燴飯,https://www.ytower.com.tw/recipe/iframe-recipe.asp?seq=A02-2561,https://d3l76hx23vw40a.cloudfront.net/recipe/yqn076-031_1.jpg,8.0,,4.0,
511,27025,楊桃,0,,泡菜燒肉蓋飯,https://www.ytower.com.tw/recipe/iframe-recipe.asp?seq=A02-1547,https://d3l76hx23vw40a.cloudfront.net/recipe/bk158-016_1.jpg,9.0,,4.0,
512,27042,楊桃,0,,馬鈴薯燉肉蓋飯,https://www.ytower.com.tw/recipe/iframe-recipe.asp?seq=A02-1567,https://d3l76hx23vw40a.cloudfront.net/recipe/bk158-039_1.jpg,8.0,,3.0,
513,27045,楊桃,0,,韓式泡菜飯(1),https://www.ytower.com.tw/recipe/iframe-recipe.asp?seq=A02-2172,https://d3l76hx23vw40a.cloudfront.net/recipe/yqn47-018_1.jpg,8.0,,3.0,
514,27055,楊桃,0,,松阪豬肉飯糰,https://www.ytower.com.tw/recipe/iframe-recipe.asp?seq=A02-1482,https://d3l76hx23vw40a.cloudfront.net/recipe/bk150-028a_1.jpg,6.0,,3.0,
515,27075,楊桃,0,,蕃茄豚肉焗飯,https://www.ytower.com.tw/recipe/iframe-recipe.asp?seq=A02-2206,https://d3l76hx23vw40a.cloudfront.net/recipe/yqn49-031_1.jpg,5.0,,3.0,
516,27099,楊桃,0,,泡菜豬肉飯,https://www.ytower.com.tw/recipe/iframe-recipe.asp?seq=A02-1603,https://d3l76hx23vw40a.cloudfront.net/recipe/gy35-028_1.jpg,7.0,,4.0,
517,27105,楊桃,0,,豚香咖哩蓋飯 ,https://www.ytower.com.tw/recipe/iframe-recipe.asp?seq=A02-2733,https://d3l76hx23vw40a.cloudfront.net/recipe/whk053-085a_1.jpg,7.0,,3.0,
518,27106,楊桃,0,,蛋包飯(1),https://www.ytower.com.tw/recipe/iframe-recipe.asp?seq=C01-155,https://d3l76hx23vw40a.cloudfront.net/recipe/hq17-028_1.jpg,8.0,,4.0,
519,27152,楊桃,0,,洋蔥照燒肉片夾心飯糰,https://www.ytower.com.tw/recipe/iframe-recipe.asp?seq=A02-2823,https://d3l76hx23vw40a.cloudfront.net/recipe/whk060-092_1.jpg,9.0,,4.0,
520,27191,楊桃,0,,雪白黃金炒飯,https://www.ytower.com.tw/recipe/iframe-recipe.asp?seq=A02-2998,https://d3l76hx23vw40a.cloudfront.net/recipe/whk074-013a_1.jpg,9.0,,5.0,
521,27206,楊桃,0,,洋蔥豬肉燴飯(1),https://www.ytower.com.tw/recipe/iframe-recipe.asp?seq=A02-3756,https://d3l76hx23vw40a.cloudfront.net/recipe/whk114-044a_1.jpg,19.0,,4.0,
522,27219,楊桃,0,,泰式風味手撕肉,https://www.ytower.com.tw/recipe/iframe-recipe.asp?seq=A02-3586,https://d3l76hx23vw40a.cloudfront.net/recipe/whk110-042b_1.jpg,11.0,,4.0,
523,27230,楊桃,0,,肉絲蛋炒飯(3),https://www.ytower.com.tw/recipe/iframe-recipe.asp?seq=A02-3793,https://d3l76hx23vw40a.cloudfront.net/recipe/whk122-019b_1.jpg,9.0,,5.0,
524,27248,楊桃,0,,紫米酸菜肉絲飯糰,https://www.ytower.com.tw/recipe/iframe-recipe.asp?seq=A02-3492,https://d3l76hx23vw40a.cloudfront.net/recipe/whk095-018c_1.jpg,6.0,,3.0,
525,27275,楊桃,0,,台式醬油炒飯,https://www.ytower.com.tw/recipe/iframe-recipe.asp?seq=A02-3757,https://d3l76hx23vw40a.cloudfront.net/recipe/whk114-052_1.jpg,13.0,,4.0,
526,27318,楊桃,0,,肉絲炒飯(1),https://www.ytower.com.tw/recipe/iframe-recipe.asp?seq=A02-3759,https://d3l76hx23vw40a.cloudfront.net/recipe/whk114-055_1.jpg,10.0,,4.0,
527,27329,楊桃,0,,焗烤燉飯,https://www.ytower.com.tw/recipe/iframe-recipe.asp?seq=A02-3605,https://d3l76hx23vw40a.cloudfront.net/recipe/whk105-074b_1.jpg,9.0,,4.0,
528,27356,楊桃,0,,牛蒡燒肉飯卷,https://www.ytower.com.tw/recipe/iframe-recipe.asp?seq=A02-3732,https://d3l76hx23vw40a.cloudfront.net/recipe/whk107-104a_1.jpg,10.0,,2.0,
529,27360,楊桃,0,,香料豬肉飯,https://www.ytower.com.tw/recipe/iframe-recipe.asp?seq=A02-3719,https://d3l76hx23vw40a.cloudfront.net/recipe/whk107-041_1.jpg,11.0,,4.0,
530,27444,楊桃,0,,錦繡炒麵,https://www.ytower.com.tw/recipe/iframe-recipe.asp?seq=B01-135,https://d3l76hx23vw40a.cloudfront.net/recipe/kibun-037_1.jpg,12.0,,3.0,
